{"M": [[0.004859244008711477, -0.03156441567435819]], "obj_fun": 35.99076436912559, "time": 0.007529020309448242, "Q_q": [[2.1331281443330226, 1.205814154082428, -0.013369808742888642], [1.205814154082428, 2.1863173625823396, 0.08684688397838033], [-0.013369808742888642, 0.08684688397838033, 2.7514174466068653]], "e_q": 29.47018490492474, "rho": 0.95, "gamma": 0.95, "sigma": 0.001, "c": [1.0, 1.0, 0.8], "x_range": 5.0, "state": "solved", "M_0": [[0.01, 0.01]], "eps": [0.3]}