{"M": [[0.008763985250035777, 0.0216033490841628]], "obj_fun": 5.8549813672322815, "time": 0.7385523319244385, "Q_q": [[2.515680305602456, 1.512712936516127, -0.00814373401631389], [1.512712936516127, 2.503785481733613, -0.02007442091510616], [-0.00814373401631389, -0.02007442091510616, 0.929227261796298]], "e_q": 0.09213377045917458, "rho": 0.95, "gamma": 0.95, "sigma": 0.001, "c": [1.0, 1.0, 0.8], "x_range": 5.0, "state": "solved", "M_0": [[0.001, 0.001]], "eps": [0.3]}