{"M": [[0.00012047885376488004, -6.037363878716242e-06]], "obj_fun": 5.810414228037595, "time": 4.297481060028076, "Q_q": [[2.5218361892228414, 1.5218050556448663, -0.00011453643459607616], [1.5218050556448663, 2.5217012041308795, 5.739580942368406e-06], [-0.00011453643459607616, 5.739580942368406e-06, 0.9506766624755513]], "e_q": 0.006335504703433147, "rho": 0.95, "gamma": 0.95, "sigma": 0.001, "c": [1.0, 1.0, 0.8], "x_range": 5.0, "state": "solved", "M_0": [[0.001, 0.001]], "eps": [0.3]}