{"M": [[2.3673596932329057, -2.9024455545527696]], "obj_fun": 423.6972695144617, "time": 0.5600950717926025, "Q_q": [[684.386448858563, -218.3607204836663, -2.2189274484877446], [-218.3607204836663, 304.6312522969554, 2.7204636993474245], [-2.2189274484877446, 2.7204636993474245, 0.9373005102817901]], "e_q": -566.070272049282, "rho": 0.95, "gamma": 0.95, "sigma": 0.0001, "c": [1.0, 1.0, 0.8], "x_range": 1.0, "state": "solved", "u_range": 10.0}