{"M": [[0.006191683461977236, 0.014026142227660673]], "obj_fun": 5.838241348870827, "time": 0.6799769401550293, "Q_q": [[2.518228780925179, 1.5150256871131227, -0.00582640844416448], [1.5150256871131227, 2.5074419465505713, -0.013198677551290266], [-0.00582640844416448, -0.013198677551290266, 0.9410055407296113]], "e_q": 0.05976618881138765, "rho": 0.95, "gamma": 0.95, "sigma": 0.001, "c": [1.0, 1.0, 0.8], "x_range": 5.0, "state": "solved", "M_0": [[0.001, 0.001]], "eps": [0.3]}