{"M": [[0.632781853369452, 0.6988183144467174]], "obj_fun": 7.532974992981272, "time": 0.09390449523925781, "Q_q": [[1.7192769520440232, 0.428131662933597, -0.3354545272878629], [0.428131662933597, 1.032345934953082, -0.37046221550850433], [-0.3354545272878629, -0.37046221550850433, 0.5301266550259407]], "e_q": 4.357250781963414, "rho": 0.95, "gamma": 0.95, "sigma": 0.001, "c": [1.0, 1.0, 0.8], "x_range": 5.0, "state": "solved", "M_0": [[0.001, 0.001]], "eps": [0.3]}