{"M": [[2.807865936327958e-06, -3.356027349438567e-06]], "obj_fun": 40.59394510260668, "time": 7.708519220352173, "Q_q": [[19.952614440816667, -0.20200353095506546, -2.667462612618617e-06], [-0.20200353095506546, 19.912700598108536, 3.1882139975885702e-06], [-2.667462612618617e-06, 3.1882139975885702e-06, 0.9499964289986877]], "e_q": -0.031367079517473515, "rho": 0.95, "gamma": 0.95, "sigma": 0.0, "c": [1.0, 1.0, 0.8], "x_range": 2.0, "state": "solved", "M_0": [[0.001, 0.001]], "eps": [0.3]}