{"M": [[7.06285994259634e-06, -0.001980268530028659]], "obj_fun": 40.593985007946316, "time": 0.609626293182373, "Q_q": [[19.95115299473887, -0.20242693472019213, -6.70981510992734e-06], [-0.20242693472019213, 19.913871033899795, 0.0018812826266544156], [-6.70981510992734e-06, 0.0018812826266544156, 0.9500138986843311]], "e_q": -0.031050139639820097, "rho": 0.95, "gamma": 0.95, "sigma": 0.0, "c": [1.0, 1.0, 0.8], "x_range": 2.0, "state": "solved", "M_0": [[0.001, 0.001]], "eps": [0.3]}