{"M": [[2.678598082124425e-05, -1.6603347196489014e-05]], "obj_fun": 40.59506015315465, "time": 0.05041790008544922, "Q_q": [[19.948135509896172, -0.20365447614903157, -2.5440154645473365e-05], [-0.20365447614903157, 19.91680928312652, 1.5769133978329578e-05], [-2.5440154645473365e-05, 1.5769133978329578e-05, 0.9497563227289592]], "e_q": -0.0296896980512053, "rho": 0.95, "gamma": 0.95, "sigma": 0.0, "c": [1.0, 1.0, 0.8], "x_range": 2.0, "state": "solved", "M_0": [[0.001, 0.001]], "eps": [0.3]}