{"M": [[-129.75036898316927, -440.1405478933555]], "obj_fun": 662087.9623327255, "time": 0.7459077835083008, "Q_q": [[793766725.4478157, 1121346.9243835676, 25.303950731489003], [1121346.9243835676, 916505.0656118407, 85.83632421321848], [25.303950731489003, 85.83632421321848, 0.1950202602874396]], "e_q": -794021142.707111, "rho": 0.95, "gamma": 0.95, "sigma": 0.0, "c": [1.0, 1.0, 0.8], "x_range": 1.0, "state": "solved", "u_range": 1000.0}