{"M": [[0.004539463890173356, -0.03177318308285152]], "obj_fun": 35.90766529226113, "time": 0.008538961410522461, "Q_q": [[2.136010594773112, 1.208125133517457, -0.012666595530166174], [1.208125133517457, 2.1881239946281323, 0.08865761873061827], [-0.012666595530166174, 0.08865761873061827, 2.790328513811012]], "e_q": 29.351267891811073, "rho": 0.95, "gamma": 0.95, "sigma": 0.0, "c": [1.0, 1.0, 0.8], "x_range": 5.0, "state": "solved", "M_0": [[0.01, 0.01]], "eps": [0.3]}