{"M": [[2.3742666363401974, -2.917829249419809]], "obj_fun": 423.7189370745672, "time": 0.5535602569580078, "Q_q": [[686.3470321310072, -219.017042002942, -2.2038094952068534], [-219.017042002942, 306.45506596313845, 2.7083477933108977], [-2.2038094952068534, 2.7083477933108977, 0.928206403390272]], "e_q": -569.8257261422906, "rho": 0.95, "gamma": 0.95, "sigma": 0.0, "c": [1.0, 1.0, 0.8], "x_range": 1.0, "state": "solved", "u_range": 10.0}