{"M": [[2.3932308001156737, -2.886840933262276]], "obj_fun": 422.5914580706408, "time": 0.5447359085083008, "Q_q": [[673.4845416484118, -214.49075952968317, -2.1718557169511423], [-214.49075952968317, 297.6797688388669, 2.6198066582342174], [-2.1718557169511423, 2.6198066582342174, 0.9074994843147467]], "e_q": -549.2988520040898, "rho": 0.95, "gamma": 0.95, "sigma": 0.001, "c": [1.0, 1.0, 0.8], "x_range": 1.0, "state": "solved", "u_range": 10.0}