{"M": [[-0.06258415695174717, -0.2836032559913378, 0.04910324683063784, -0.09085245429195672]], "obj_fun": 312.0173520074312, "time": 2.4401004314422607, "Q_q": [[16.51151052406976, 27.56490033603821, -0.65960680436335, 8.157565831453185, 0.4168927250108487], [27.56490033603821, 125.74566472903109, -16.64594709571972, 40.45178645637387, 1.889170358295885], [-0.65960680436335, -16.64594709571972, -13.557829386062508, -5.32064101915566, -0.3270921487987455], [8.157565831453185, 40.45178645637387, -5.32064101915566, 18.77683570857635, 0.6051967317047966], [0.4168927250108487, 1.889170358295885, -0.3270921487987455, 0.6051967317047966, 6.661314065990789]], "e_q": 159.21211917902386, "rho": 0.95, "gamma": 0.95, "sigma": 0.0, "c": [1.0, 1.0, 1.0, 1.0, 0.8], "x_range": [5.0, 1.0, 0.08, 1.0], "state": "solved", "u_range": 0.3}