{"M": [[-0.04313835794225383, -0.294522426321105, 0.011191700762373125, 0.008454201502610975]], "obj_fun": 252.61861527134693, "time": 4.134986639022827, "Q_q": [[11.72860893458996, 11.259609628937362, -0.2226460777710099, 2.595916445054134, 0.03410222840918081], [11.259609628937362, 28.56196137897097, 0.3198209464192015, 6.010516659862016, 0.2328292390608248], [-0.2226460777710099, 0.3198209464192015, -1.1898321745795866, 0.5309895211332596, -0.008847391367945769], [2.595916445054134, 6.010516659862016, 0.5309895211332596, 5.281597879012066, -0.0066833121243329375], [0.03410222840918081, 0.2328292390608248, -0.008847391367945769, -0.0066833121243329375, 0.7905314443083572]], "e_q": 207.60385409790683, "rho": 0.95, "gamma": 0.95, "sigma": 0.0, "c": [1.0, 1.0, 1.0, 1.0, 0.8], "x_range": [10.0, 10.0, 0.1, 10.0], "state": "solved", "u_range": 1.0}