{"M": [[-0.3219939753525077, -0.25121028511501103, 0.07181329491218319, 0.042516154012254906]], "obj_fun": 19.533712136733826, "time": 36.25178790092468, "Q_q": [[0.9829381273765331, 0.7620592024646363, 0.09879113416405562, -0.08398823175985458, 0.395747262468258], [0.7620592024646363, 1.945437314665099, 0.4013982091944291, -0.05553332527309107, 0.3087504433252184], [0.09879113416405562, 0.4013982091944291, 2.2464697430074474, 1.07707801316117, -0.08826225658169241], [-0.08398823175985458, -0.05553332527309107, 1.07707801316117, 1.2204515332633847, -0.05225455396365286], [0.395747262468258, 0.3087504433252184, -0.08826225658169241, -0.05225455396365286, 1.229051761092759]], "e_q": 12.155174009547155, "rho": 0.8, "gamma": 0.95, "sigma": 0.001, "c": [1.0, 1.0, 1.0, 1.0, 0.8], "x_range": 4.0, "state": "solved", "M_0": [[0.001, 0.001, 0.001, 0.001]], "eps": [0.3]}