{"M": [[-0.03555877012841962, 0.03061121529174998, 0.05413966124574483, 0.1701286120994043]], "obj_fun": 57.06959716335133, "time": 1.703474998474121, "Q_q": [[0.7431358571299599, 0.6625424032312153, 0.7551440338733367, 0.28906445911707535, 0.13136614078198225], [0.6625424032312153, 0.9544324095306178, 0.46749601600007706, 0.13742183667836474, -0.11308819745454785], [0.7551440338733367, 0.46749601600007706, 1.798015015238391, 0.9118887765516074, -0.20001024600716236], [0.28906445911707535, 0.13742183667836474, 0.9118887765516074, 1.3259776090642923, -0.6285127164797948], [0.13136614078198225, -0.11308819745454785, -0.20001024600716236, -0.6285127164797948, 3.694338704841497]], "e_q": 49.292565308514874, "rho": 0.8, "gamma": 0.95, "sigma": 0.001, "c": [1.0, 1.0, 1.0, 1.0, 0.8], "x_range": 5.0, "state": "solved", "M_0": [[0.001, 0.001, 0.001, 0.001]], "eps": [0.3]}