{"M": [[-0.061617681034506364, -0.22151460437450968, 0.036549232364312775, -0.05846215978205392]], "obj_fun": 309.82391897903244, "time": 1.9224011898040771, "Q_q": [[16.52861513349717, 27.372156481574724, -0.581317956007071, 7.98609063359075, 0.5019216608522445], [27.372156481574724, 120.82328731208688, -16.294360427758956, 38.90731870028844, 1.804400559450111], [-0.581317956007071, -16.294360427758956, -12.648331339136996, -5.627327419640792, -0.29772057473076957], [7.98609063359075, 38.90731870028844, -5.627327419640792, 18.56402974237964, 0.4762176025155062], [0.5019216608522445, 1.804400559450111, -0.29772057473076957, 0.4762176025155062, 8.145740839730152]], "e_q": 160.03972545842169, "rho": 0.95, "gamma": 0.95, "sigma": 0.0, "c": [1.0, 1.0, 1.0, 1.0, 0.8], "x_range": [3.0, 1.0, 0.08, 1.0], "state": "solved", "u_range": 0.3}