{"M": [[0.019147206170325597, 0.1784912458582135, -0.03411371550279922, 0.003389274759785857]], "obj_fun": 131.8912473550303, "time": 0.214188814163208, "Q_q": [[1.647776648959443, 1.1633467825854378, 0.30484268014013943, -0.03178472627119504, -0.0293821634772567], [1.1633467825854378, 2.128815257012531, 0.7425835659684097, 0.1696080669328413, -0.2739020470356206], [0.30484268014013943, 0.7425835659684097, 1.663994260298442, 0.9550532026429994, 0.052348878306501694], [-0.03178472627119504, 0.1696080669328413, 0.9550532026429994, 1.0702801733683873, -0.005200979410547317], [-0.0293821634772567, -0.2739020470356206, 0.052348878306501694, -0.005200979410547317, 1.5345405076795628]], "e_q": 124.15274860924782, "rho": 0.8, "gamma": 0.95, "sigma": 0.001, "c": [1.0, 1.0, 1.0, 1.0, 0.8], "x_range": 5.0, "state": "solved", "M_0": [[0.001, 0.001, 0.001, 0.001]], "eps": [0.3]}