{"M": [[-0.28678269087400327, -1.1994399113360033, 0.21554124348989148, -0.39420464871098204]], "obj_fun": 303.364270778437, "time": 2.482860803604126, "Q_q": [[15.22335578113149, 25.036829433800605, -0.6428795000594935, 7.734331866353653, 0.38046896771653665], [25.036829433800605, 104.21792400841308, -11.594629865595016, 33.99682133784497, 1.5912733907100367], [-0.6428795000594935, -11.594629865595016, -12.51914121906795, -1.3134858220398364, -0.28595433762411765], [7.734331866353653, 33.99682133784497, -1.3134858220398364, 14.472703490893423, 0.5229835709646142], [0.38046896771653665, 1.5912733907100367, -0.28595433762411765, 0.5229835709646142, 1.3266803744570974]], "e_q": 180.9080844175013, "rho": 0.95, "gamma": 0.95, "sigma": 0.0, "c": [1.0, 1.0, 1.0, 1.0, 0.8], "x_range": [10.0, 1.0, 0.08, 1.0], "state": "solved", "u_range": 0.5}