{"M": [[1.2575052295552658, 6.103235780064036, -170.23627418462385, -57.33707390964019]], "obj_fun": 46889.74730635579, "time": 3.2981996536254883, "Q_q": [[231.94420131567924, 258.2566908097429, -1264.161894054182, -415.9865865147428, -0.6785515654614945], [258.2566908097429, 506.4287348567635, -3397.609368287741, -919.0972866534999, -3.2933144893621695], [-1264.161894054182, -3397.609368287741, 61939.819618468704, 17177.016842331726, 91.85972959107445], [-415.9865865147428, -919.0972866534999, 17177.016842331726, 4040.927704502312, 30.939164582343306], [-0.6785515654614945, -3.2933144893621695, 91.85972959107445, 30.939164582343306, 0.5396013865496796]], "e_q": -19829.804633896907, "rho": 0.95, "gamma": 0.95, "sigma": 0.0001, "c": [1.0, 1.0, 1.0, 1.0, 0.8], "x_range": [5.0, 5.0, 1.0, 2.0], "state": "solved", "u_range": 100.0}