{"M": [[0.0, 0.0, 0.0, 0.0]], "obj_fun": 425.1619954562235, "time": 3.2467973232269287, "Q_q": [[0.5190680513644379, 16.7202349691713, 3.033852784960522, 7.718763075315257, 0.0], [16.7202349691713, -26.941739470441025, -0.5628098715902157, -14.063765512060296, 0.0], [3.033852784960522, -0.5628098715902157, -72.39126006816397, -7.6055297512883975, 0.0], [7.718763075315257, -14.063765512060296, -7.6055297512883975, 34.29743390798221, 0.0], [0.0, 0.0, 0.0, 0.0, 0.0]], "e_q": 489.67849303548184, "rho": 0.95, "gamma": 0.95, "sigma": 0.0, "c": [1.0, 1.0, 1.0, 1.0, 0.8], "x_range": [100.0, 10.0, 0.5, 1.0], "state": "solved", "u_range": 10.0}