{"M": [[-0.4297028886184962, -0.5548635586665689, 1.0626824744379542, 0.5354666741827835]], "obj_fun": 32.116503649883015, "time": 3.291814088821411, "Q_q": [[2.445999971780063, 3.0263101298195365, -2.0526642309061067, -0.9220535797194536, 0.5141062510662606], [3.0263101298195365, 8.471266619968885, -8.262199197935804, -3.792082320366596, 0.6638513064607664], [-2.0526642309061067, -8.262199197935804, 11.359058373200595, 6.063219158715126, -1.2714173385326355], [-0.9220535797194536, -3.792082320366596, 6.063219158715126, 4.186632797003714, -0.6406444353215367], [0.5141062510662606, 0.6638513064607664, -1.2714173385326355, -0.6406444353215367, 1.1964226089313084]], "e_q": 4.696407800784709, "rho": 0.8, "gamma": 0.95, "sigma": 0.001, "c": [1.0, 1.0, 1.0, 1.0, 0.8], "x_range": 3.0, "state": "solved", "M_0": [[0.001, 0.001, 0.001, 0.001]], "eps": [0.3]}