{"M": [[-0.6590812611137455, -0.15289539933248603, -0.040733120948518255, 0.42738406709685756]], "obj_fun": 244.3633677033227, "time": 3.909991979598999, "Q_q": [[4.189779357940381, 4.6509823409577535, -1.2057033938025756, 2.6885195774201582, 0.19315545127686198], [4.6509823409577535, 6.981964926633062, -0.8715026883301941, 3.5177757710663777, 0.0448087081194159], [-1.2057033938025756, -0.8715026883301941, -1.8371032241876133, 0.32207295097188393, 0.011937563427961274], [2.6885195774201582, 3.5177757710663777, 0.32207295097188393, 2.2175474334505467, -0.12525247980671578], [0.19315545127686198, 0.0448087081194159, 0.011937563427961274, -0.12525247980671578, 0.29306773333300223]], "e_q": 232.57672502281991, "rho": 0.95, "gamma": 0.95, "sigma": 0.0, "c": [1.0, 1.0, 1.0, 1.0, 0.8], "x_range": [10.0, 10.0, 0.5, 10.0], "state": "solved", "u_range": 10.0}