{"M": [[-1.347883315173515e-05, -3.11068032115451e-05, -2.5327056461537357e-05, -5.92909471624699e-06]], "obj_fun": 80.50189533776755, "time": 2.5848851203918457, "Q_q": [[19.99831307614253, 0.03664233922476471, 0.0006465722902349547, 0.0014438434485464985, 1.2677208980587966e-05], [0.03664233922476471, 19.96212031685064, 0.003837787431532398, -0.05444713707633711, 2.925679401113569e-05], [0.0006465722902349547, 0.003837787431532398, 19.993866329428, 0.29547648879168703, 2.3820785079213416e-05], [0.0014438434485464985, -0.05444713707633711, 0.29547648879168703, 19.91730026542719, 5.576474753965403e-06], [1.2677208980587966e-05, 2.925679401113569e-05, 2.3820785079213416e-05, 5.576474753965403e-06, 0.9405271834643943]], "e_q": -0.1221263968523245, "rho": 0.95, "gamma": 0.95, "sigma": 0.0, "c": [1.0, 1.0, 1.0, 1.0, 0.8], "x_range": [2.0, 2.0, 2.0, 2.0], "state": "solved", "u_range": 10.0}