{"M": [[-0.13998458747581713, -0.4217939424348799, -0.07833609622227998, 0.18982767921245836]], "obj_fun": 38.97040348399051, "time": 2.877134323120117, "Q_q": [[11.687720017399764, 6.826475858495941, 3.11149450015897, -0.26810202080998874, 0.06583971309440928], [6.826475858495941, 16.170396823568932, 13.34563536677507, -0.14984566798361604, 0.1983846411639409], [3.11149450015897, 13.34563536677507, 5.227415873136667, 4.997049890227886, 0.03684424259279224], [-0.26810202080998874, -0.14984566798361604, 4.997049890227886, 10.456660495764577, -0.08928268577342438], [0.06583971309440928, 0.1983846411639409, 0.03684424259279224, -0.08928268577342438, 0.47033544393437837]], "e_q": -4.948058081026925, "rho": 0.95, "gamma": 0.95, "sigma": 0.0, "c": [1.0, 1.0, 1.0, 1.0, 0.8], "x_range": [2.0, 1.0, 4.0, 0.3], "state": "solved", "u_range": 0.8}