{"M": [[-0.34947261641155514, -1.293397746051179, 0.1814459076208093, -0.3221599992929903]], "obj_fun": 289.94352924817656, "time": 2.7203848361968994, "Q_q": [[15.411065337780277, 22.773097337798436, -0.6305165527215206, 6.825266233261477, 0.36364532697286933], [22.773097337798436, 86.32001934136589, -8.019987326765353, 27.887161288091345, 1.345850931321215], [-0.6305165527215206, -8.019987326765353, -9.861146348416067, -0.7220713244900947, -0.18880436779903476], [6.825266233261477, 27.887161288091345, -0.7220713244900947, 12.89904027775293, 0.33522505849933376], [0.36364532697286933, 1.345850931321215, -0.18880436779903476, 0.33522505849933376, 1.0405545667836353]], "e_q": 184.3421069862666, "rho": 0.95, "gamma": 0.95, "sigma": 0.0, "c": [1.0, 1.0, 1.0, 1.0, 0.8], "x_range": [10.0, 1.0, 0.08, 1.0], "state": "solved", "u_range": 1.0}