{"M": [[-0.038659219344029674, -0.16194976862226984, 0.04226346726570174, 0.12637687872425626]], "obj_fun": 196.76812076576206, "time": 31.981691360473633, "Q_q": [[0.19920786196209972, 0.351519622575144, -0.011438774693233181, 0.09795749895424488, 0.007641717428030791], [0.351519622575144, 1.9841063503410605, -0.10456905296245099, 0.6036140153205108, 0.03201239937964443], [-0.011438774693233181, -0.10456905296245099, -0.004995332468667397, 0.5302034213068401, -0.008354164410285716], [0.09795749895424488, 0.6036140153205108, 0.5302034213068401, 0.7027761793571484, -0.02498075266479549], [0.007641717428030791, 0.03201239937964443, -0.008354164410285716, -0.02498075266479549, 0.19766869475627258]], "e_q": 193.7288907507654, "rho": 0.001, "gamma": 0.95, "sigma": 0.0, "c": [1.0, 1.0, 1.0, 1.0, 0.8], "x_range": [3.0, 0.9, 0.08, 1.0], "state": "solved", "u_range": 0.3}