{"M": [[-0.19957413533901203, -0.8787048537403878, 0.15691679468428718, -0.2841161241424785]], "obj_fun": 307.42073229711514, "time": 2.619687795639038, "Q_q": [[14.9208308764074, 25.519031780581017, -0.42419802310679916, 7.8942152538314385, 0.3820454535103427], [25.519031780581017, 109.91245736744997, -12.84951385496495, 35.7487691830679, 1.6821077229207635], [-0.42419802310679916, -12.84951385496495, -12.750145727100291, -2.2353852332263195, -0.3003863596187614], [7.8942152538314385, 35.7487691830679, -2.2353852332263195, 15.255021094975161, 0.543884473372417], [0.3820454535103427, 1.6821077229207635, -0.3003863596187614, 0.543884473372417, 1.914303438475987]], "e_q": 178.5511259346021, "rho": 0.95, "gamma": 0.95, "sigma": 0.0, "c": [1.0, 1.0, 1.0, 1.0, 0.8], "x_range": [10.0, 1.0, 0.08, 1.0], "state": "solved", "u_range": 0.4}