{"M": [[-0.24998149621907761, -0.07585704450816794, 0.08575232417995143, 0.14994447324380336]], "obj_fun": 26.131804304549007, "time": 30.710428953170776, "Q_q": [[0.7662563645366399, 0.6835527787058383, 0.32331462446238274, 0.0022559179642315597, 0.2827916312994326], [0.6835527787058383, 1.8114886498939384, 0.5658302351097799, 0.15147191372151186, 0.08581330093015645], [0.32331462446238274, 0.5658302351097799, 2.1243183429469172, 0.9309007512666696, -0.0970073385804288], [0.0022559179642315597, 0.15147191372151186, 0.9309007512666696, 0.9682834174421755, -0.16962472356669267], [0.2827916312994326, 0.08581330093015645, -0.0970073385804288, -0.16962472356669267, 1.131250254825265]], "e_q": 19.556457325869125, "rho": 0.8, "gamma": 0.95, "sigma": 0.001, "c": [1.0, 1.0, 1.0, 1.0, 0.8], "x_range": 5.0, "state": "solved", "M_0": [[0.001, 0.001, 0.001, 0.001]], "eps": [0.3]}