{"M": [[-0.07070216603600325, -0.22550136715599145, 0.03642540421310876, -0.0692067919358064]], "obj_fun": 204.1980725795423, "time": 70.35768842697144, "Q_q": [[1.7009719755619017, 2.584919238018726, -0.06889893207257125, 0.77119749823041, 0.0397754551495947], [2.584919238018726, 8.51087114923099, -0.284686814144134, 2.750748781514428, 0.1268620187805559], [-0.06889893207257125, -0.284686814144134, 0.08899861196161629, 0.5514191461124285, -0.020492116618415657], [0.77119749823041, 2.750748781514428, 0.5514191461124285, 1.3867279273825, 0.03893419117157233], [0.0397754551495947, 0.1268620187805559, -0.020492116618415657, 0.03893419117157233, 0.5625776037659168]], "e_q": 192.06044083239254, "rho": 0.001, "gamma": 0.95, "sigma": 0.0, "c": [1.0, 1.0, 1.0, 1.0, 0.8], "x_range": [3.0, 2.0, 0.08, 1.0], "state": "solved", "u_range": 0.3}