{"M": [[-0.37115694930117404, -1.3318769230493261, 0.20569414997081362, -0.33526743084077487]], "obj_fun": 294.1110363478499, "time": 2.581617593765259, "Q_q": [[15.569616963472667, 23.847398394274293, -0.6477425277443211, 7.113651644689643, 0.3976089065628019], [23.847398394274293, 92.5295422293939, -9.020736305097856, 29.999650846290532, 1.4267983613049824], [-0.6477425277443211, -9.020736305097856, -10.686380493423577, -0.8641467622859625, -0.2203537511832908], [7.113651644689643, 29.999650846290532, -0.8641467622859625, 13.981068208672665, 0.35916158065667836], [0.3976089065628019, 1.4267983613049824, -0.2203537511832908, 0.35916158065667836, 1.071268926289626]], "e_q": 181.8601742987026, "rho": 0.95, "gamma": 0.95, "sigma": 0.0, "c": [1.0, 1.0, 1.0, 1.0, 0.8], "x_range": [10.0, 1.0, 0.08, 1.0], "state": "solved", "u_range": 0.8}