{"M": [[-0.02559652257193489, -0.14211507652640284, 0.04496702286933096, 0.00951338329474674]], "obj_fun": 196.98503986211838, "time": 2.0452048778533936, "Q_q": [[0.24635202037431245, 0.4161108940594203, -0.017552171865968285, 0.1242327060149961, 0.011849606733483977], [0.4161108940594203, 4.77578845157402, -0.7019033188216975, 1.4905298073859246, 0.0657904902122631], [-0.017552171865968285, -0.7019033188216975, -0.4347784611283709, 0.2954249361204508, -0.020816950250944717], [0.1242327060149961, 1.4905298073859246, 0.2954249361204508, 1.0991410953944023, -0.00440410803580197], [0.011849606733483977, 0.0657904902122631, -0.020816950250944717, -0.00440410803580197, 0.4629381471714595]], "e_q": 190.92818623816686, "rho": 0.001, "gamma": 0.95, "sigma": 0.0, "c": [1.0, 1.0, 1.0, 1.0, 0.8], "x_range": [3.0, 0.9, 0.08, 1.0], "state": "solved", "u_range": 0.3}