{"M": [[-0.25093113779907794, -0.07496090916548598, 0.08163960235794733, 0.14593212154456883]], "obj_fun": 26.136943848395546, "time": 34.518202781677246, "Q_q": [[0.7640890462220169, 0.6844420981927567, 0.33317270031823504, 0.009272069886318802, 0.28257086107039237], [0.6844420981927567, 1.8135249460484208, 0.5862837158686759, 0.16002039799159679, 0.08441267526739232], [0.33317270031823504, 0.5862837158686759, 2.1287674608097884, 0.9397637962376992, -0.09193347999004045], [0.009272069886318802, 0.16002039799159679, 0.9397637962376992, 0.9692164362318151, -0.16433259580441553], [0.28257086107039237, 0.08441267526739232, -0.09193347999004045, -0.16433259580441553, 1.1260892671544356]], "e_q": 19.560474545359956, "rho": 0.8, "gamma": 0.95, "sigma": 0.001, "c": [1.0, 1.0, 1.0, 1.0, 0.8], "x_range": 5.0, "state": "solved", "M_0": [[0.001, 0.001, 0.001, 0.001]], "eps": [0.3]}