{"M": [[-0.3418347342802395, -1.1516510248358574, 0.05965251284390874, -0.06730920265521895]], "obj_fun": 288.843315252986, "time": 2.8525335788726807, "Q_q": [[16.316830358961774, 21.476389645346778, -1.307404588341835, 6.432630173814028, 0.2411638160785911], [21.476389645346778, 72.31678563404841, -6.973508656897412, 22.32969725982665, 0.8124878138116429], [-1.307404588341835, -6.973508656897412, -5.940539569082045, -2.2999307612866544, -0.04208474503448322], [6.432630173814028, 22.32969725982665, -2.2999307612866544, 12.891134851911877, 0.047486526504448894], [0.2411638160785911, 0.8124878138116429, -0.04208474503448322, 0.047486526504448894, 0.705498277073513]], "e_q": 192.69470535548717, "rho": 0.95, "gamma": 0.95, "sigma": 0.0, "c": [1.0, 1.0, 1.0, 1.0, 0.8], "x_range": [10.0, 10.0, 0.1, 1.0], "state": "solved", "u_range": 1.0}