{"M": [[-0.07671558901997952, -0.22141218133949134, 0.04732479763162935, -0.09505063267560203]], "obj_fun": 204.489782598077, "time": 2.693906784057617, "Q_q": [[1.6906641232454085, 2.5747159878234323, -0.07528276272738263, 0.739869058527594, 0.04043858686740823], [2.5747159878234323, 8.349197606037535, -0.3602170439569122, 2.6591585309979613, 0.11671155553882957], [-0.07528276272738263, -0.3602170439569122, -0.0053756208306270994, 0.5305605390281556, -0.02494601116222609], [0.739869058527594, 2.6591585309979613, 0.5305605390281556, 1.411012672632535, 0.05010341855360586], [0.04043858686740823, 0.11671155553882957, -0.02494601116222609, 0.05010341855360586, 0.5271234619195396]], "e_q": 192.6225850474565, "rho": 0.001, "gamma": 0.95, "sigma": 0.0, "c": [1.0, 1.0, 1.0, 1.0, 0.8], "x_range": [3.0, 2.0, 0.08, 1.0], "state": "solved", "u_range": 0.3}