{"M": [[-0.2510287394914594, -0.07527648704244075, 0.08149293636039585, 0.14579640369330818]], "obj_fun": 26.133871605493578, "time": 31.893933057785034, "Q_q": [[0.764629633170929, 0.6843466591706244, 0.33333671015368777, 0.009220162653829677, 0.28223019782327124], [0.6843466591706244, 1.8155279641454005, 0.5864010948610999, 0.16032380555277623, 0.08463293036673113], [0.33333671015368777, 0.5864010948610999, 2.1283591970687556, 0.9391610255398236, -0.09162204931908319], [0.009220162653829677, 0.16032380555277623, 0.9391610255398236, 0.9681972444547978, -0.16391807543488002], [0.28223019782327124, 0.08463293036673113, -0.09162204931908319, -0.16391807543488002, 1.1242943672307029]], "e_q": 19.557722072869133, "rho": 0.8, "gamma": 0.95, "sigma": 0.0, "c": [1.0, 1.0, 1.0, 1.0, 0.8], "x_range": 5.0, "state": "solved", "M_0": [[0.001, 0.001, 0.001, 0.001]], "eps": [0.3]}