{"M": [[-0.31228870254607294, -1.1577038781437068, 0.1653191402958807, -0.3163868095903475]], "obj_fun": 285.78721550048544, "time": 2.7791483402252197, "Q_q": [[15.695905728039438, 21.417719575213937, -1.0603172821076343, 6.263900203335955, 0.3281796305098324], [21.417719575213937, 77.82217926896794, -9.548606414348127, 24.732326421356753, 1.2166140749614491], [-1.0603172821076343, -9.548606414348127, -8.09094790480937, -3.4212332153437006, -0.17373146686438634], [6.263900203335955, 24.732326421356753, -3.4212332153437006, 11.842566511673228, 0.3324862712708165], [0.3281796305098324, 1.2166140749614491, -0.17373146686438634, 0.3324862712708165, 1.0508853757250953]], "e_q": 187.67680359603412, "rho": 0.95, "gamma": 0.95, "sigma": 0.0, "c": [1.0, 1.0, 1.0, 1.0, 0.8], "x_range": [10.0, 1.0, 0.1, 1.0], "state": "solved", "u_range": 1.0}