{"M": [[-0.3943567840061915, -0.10433092954406019, -0.04307998528846062, 0.30892467218952957]], "obj_fun": 229.95197265340983, "time": 3.9819741249084473, "Q_q": [[8.328978942386557, 5.096334475233084, -0.2350092143981814, 1.6801168971624192, 0.09223622200906645], [5.096334475233084, 8.136817010891628, 1.0168202701990958, 2.458645743404166, 0.02440199121739242], [-0.2350092143981814, 1.0168202701990958, -2.1775271314199243, 0.7833017235758125, 0.01007599019052601], [1.6801168971624192, 2.458645743404166, 0.7833017235758125, 2.2219894304324135, -0.07225448072348659], [0.09223622200906645, 0.02440199121739242, 0.01007599019052601, -0.07225448072348659, 0.23389028856574284]], "e_q": 213.25460217026657, "rho": 0.95, "gamma": 0.95, "sigma": 0.0, "c": [1.0, 1.0, 1.0, 1.0, 0.8], "x_range": [10.0, 10.0, 0.5, 10.0], "state": "solved", "u_range": 1.0}