{"M": [[-0.14968632162828735, -0.5838247738024988, -0.1274466474205685, 0.08452420495081817]], "obj_fun": 33.700222274128905, "time": 8.103215456008911, "Q_q": [[1.2340435104340202, 1.2375968838466809, -0.3093850571645767, -0.007732861525380519, 0.08144330974244736], [1.2375968838466809, 2.110703575247366, -0.5103190205692433, -0.38191093391972725, 0.3176550894622662], [-0.3093850571645767, -0.5103190205692433, 2.114321898637479, 0.8451854930498195, 0.06934285423410601], [-0.007732861525380519, -0.38191093391972725, 0.8451854930498195, 1.13307042102321, -0.045989045155630834], [0.08144330974244736, 0.3176550894622662, 0.06934285423410601, -0.045989045155630834, 0.5440932000767157]], "e_q": 26.672808308725454, "rho": 0.8, "gamma": 0.95, "sigma": 0.001, "c": [1.0, 1.0, 1.0, 1.0, 0.8], "x_range": 5.0, "state": "solved", "M_0": [[0.001, 0.001, 0.001, 0.001]], "eps": [0.3]}