{"M": [[-0.35440111903627214, -1.3147016245421446, 0.22461544983937548, -0.360846261571336]], "obj_fun": 299.83388718878933, "time": 2.4403929710388184, "Q_q": [[15.419486701301489, 24.783009217170058, -0.6963981512270334, 7.521955751604273, 0.40894984589244743], [24.783009217170058, 100.69909659660287, -10.944365491831123, 32.841670562622284, 1.5170579263775783], [-0.6963981512270334, -10.944365491831123, -12.340759797730845, -1.1306887732736597, -0.2591878204184622], [7.521955751604273, 32.841670562622284, -1.1306887732736597, 14.531200349793856, 0.41638701215658513], [0.40894984589244743, 1.5170579263775783, -0.2591878204184622, 0.41638701215658513, 1.1539180434997225]], "e_q": 180.60172890402217, "rho": 0.95, "gamma": 0.95, "sigma": 0.0, "c": [1.0, 1.0, 1.0, 1.0, 0.8], "x_range": [10.0, 1.0, 0.08, 1.0], "state": "solved", "u_range": 0.6}