{"M": [[-0.0002505525692345444, 0.00016774051276587367, 7.492423228206697e-05, -1.6341255382715983e-05]], "obj_fun": 80.50063242834425, "time": 2.650907278060913, "Q_q": [[20.001753819430498, 0.038070428684156436, 0.0005298063265452807, -0.002073893761017011, 0.00023532524270047857], [0.038070428684156436, 19.965714178763537, 0.01186455415922917, -0.052058364200575025, -0.00015754608702647305], [0.0005298063265452807, 0.01186455415922917, 19.982342407272196, 0.2970850406387307, -7.037071381782313e-05], [-0.002073893761017011, -0.052058364200575025, 0.2970850406387307, 19.908128949036115, 1.5348115969101583e-05], [0.00023532524270047857, -0.00015754608702647305, -7.037071381782313e-05, 1.5348115969101583e-05, 0.9392250233929497]], "e_q": -0.1086869448724668, "rho": 0.95, "gamma": 0.95, "sigma": 0.0, "c": [1.0, 1.0, 1.0, 1.0, 0.8], "x_range": 2.0, "state": "solved", "u_range": 10.0}