{"M": [[-0.14226955803622254, -0.5039579922080517, 0.9288382761620481, 0.5335713833409347]], "obj_fun": 30.5093792493357, "time": 44.655200719833374, "Q_q": [[2.875573123482642, 3.295990714332115, -1.9659600625534812, -0.8877052199996731, 0.07778961974412689], [3.295990714332115, 8.252266319858476, -8.398913537992678, -3.986620774801911, 0.27555227641107033], [-1.9659600625534812, -8.398913537992678, 10.121235220634048, 5.443885124616486, -0.5078667376476971], [-0.8877052199996731, -3.986620774801911, 5.443885124616486, 3.952438686639369, -0.29174417626201776], [0.07778961974412689, 0.27555227641107033, -0.5078667376476971, -0.29174417626201776, 0.5467762803081265]], "e_q": 4.87044487447467, "rho": 0.8, "gamma": 0.95, "sigma": 0.001, "c": [1.0, 1.0, 1.0, 1.0, 0.8], "x_range": 3.0, "state": "solved", "M_0": [[0.001, 0.001, 0.001, 0.001]], "eps": [0.3]}