{"M": [[-0.3931164254055849, -1.0160186210862083, 0.6912692048264865, 0.34337021720924127]], "obj_fun": 275364.368605108, "time": 20.66262173652649, "Q_q": [[29123.121897684916, 34821.29815468094, -21155.414290074023, -8626.223186542224, 1771.7966378553717], [34821.29815468094, 89391.73679812225, -94242.2553101633, -42445.67066507567, 4579.249963879582], [-21155.414290074023, -94242.2553101633, 106407.82561405715, 56345.417790411775, -3115.587072457962], [-8626.223186542224, -42445.67066507567, 56345.417790411775, 39049.22377248127, -1547.5878316794424], [1771.7966378553717, 4579.249963879582, -3115.587072457962, -1547.5878316794424, 4507.053186666975]], "e_q": 7786.8179734288915, "rho": 0.8, "gamma": 0.95, "sigma": 0.0, "c": [1.0, 1.0, 1.0, 1.0, 0.8], "x_range": 3.0, "state": "solved", "M_0": [[0.001, 0.001, 0.001, 0.001]], "eps": [0.3]}