{"M": [[-0.044854145711247274, -0.22109110098748994, 0.03848868761521129, -0.07142465555097127]], "obj_fun": 313.11583533857413, "time": 2.415297746658325, "Q_q": [[14.598090802480998, 26.538858629166047, -0.08196099911760009, 8.289883055819104, 0.38897695994774567], [26.538858629166047, 122.24858484957574, -16.092919223062637, 39.874678348389395, 1.9173109412726892], [-0.08196099911760009, -16.092919223062637, -13.641243017853647, -4.342285135218181, -0.333775450709103], [8.289883055819104, 39.874678348389395, -4.342285135218181, 16.79603671053799, 0.6193974924945489], [0.38897695994774567, 1.9173109412726892, -0.333775450709103, 0.6193974924945489, 8.67204031600158]], "e_q": 166.17673374103174, "rho": 0.95, "gamma": 0.95, "sigma": 0.0, "c": [1.0, 1.0, 1.0, 1.0, 0.8], "x_range": [10.0, 1.0, 0.08, 1.0], "state": "solved", "u_range": 0.3}