{"M": [[-0.08913404622116472, -0.27106385038112, -0.10035111208103335, -0.13369332232838074]], "obj_fun": 29.194352216743006, "time": 2.588367462158203, "Q_q": [[10.177030753020533, 4.743739191069834, -0.7966241826227497, 0.2509392925763639, 0.0524529018381324], [4.743739191069834, 12.675133122210015, 4.937053222060105, -0.5099662555299802, 0.15951352080021514], [-0.7966241826227497, 4.937053222060105, 4.476364361612868, 2.9188179273313337, 0.059053832452228644], [0.2509392925763639, -0.5099662555299802, 2.9188179273313337, 0.6054800549131556, 0.07867479386164362], [0.0524529018381324, 0.15951352080021514, 0.059053832452228644, 0.07867479386164362, 0.5884721277881083]], "e_q": 0.7895662227559479, "rho": 0.95, "gamma": 0.95, "sigma": 0.0, "c": [1.0, 1.0, 1.0, 1.0, 0.8], "x_range": [2.0, 1.0, 4.0, 3.0], "state": "solved", "u_range": 1.0}