{"M": [[-0.028508639266215052, -0.3400091099088314, -0.07952235021548966, -0.0703756033218236]], "obj_fun": 32.996589964805366, "time": 3.7559762001037598, "Q_q": [[2.2873245918302234, 1.6855361581091344, 0.3982273203275373, 0.20799009456436082, 0.09691925073361776], [1.6855361581091344, 3.0504959215042886, 1.0551330169136512, 0.498682180468311, 1.1559102441630946], [0.3982273203275373, 1.0551330169136512, 2.244284775208001, 1.2619849649148174, 0.2703477541488727], [0.20799009456436082, 0.498682180468311, 1.2619849649148174, 1.511292990480789, 0.23925206251287354], [0.09691925073361776, 1.1559102441630946, 0.2703477541488727, 0.23925206251287354, 3.399644922669971]], "e_q": 21.183475747646085, "rho": 0.8, "gamma": 0.95, "sigma": 0.001, "c": [1.0, 1.0, 1.0, 1.0, 0.8], "x_range": 5.0, "state": "solved", "M_0": [[0.001, 0.001, 0.001, 0.001]], "eps": [0.3]}