{"M": [[1.261414735545655, 6.098833787120926, -170.23473529638434, -57.33547162947842]], "obj_fun": 46886.29251797492, "time": 3.356496810913086, "Q_q": [[231.76378091089927, 257.9543975342109, -1263.6591807818418, -415.59611087880955, -0.680212304076334], [257.9543975342109, 505.9256879713781, -3393.5879877901793, -918.1852239659469, -3.288769082534608], [-1263.6591807818418, -3393.5879877901793, 61899.71363193174, 17164.263469771955, 91.79832632895969], [-415.59611087880955, -918.1852239659469, 17164.263469771955, 4038.5787187555948, 30.917898898271783], [-0.680212304076334, -3.288769082534608, 91.79832632895969, 30.917898898271783, 0.5392455668294472]], "e_q": -19790.12069804816, "rho": 0.95, "gamma": 0.95, "sigma": 0.0, "c": [1.0, 1.0, 1.0, 1.0, 0.8], "x_range": [5.0, 5.0, 1.0, 2.0], "state": "solved", "u_range": 100.0}