{"M": [[-0.07745358085649655, -0.22844570305977135, 0.03518564147732316, -0.0566791335864162]], "obj_fun": 204.05404223884713, "time": 69.31855177879333, "Q_q": [[1.6865877169201915, 2.5670043768716204, -0.05858068262607048, 0.7992953542425051, 0.044200698139290805], [2.5670043768716204, 8.476053763316898, -0.24237668395210984, 2.7989885968676083, 0.13036788551934425], [-0.05858068262607048, -0.24237668395210984, 0.1270994569768077, 0.5794809498505592, -0.020079509566613196], [0.7992953542425051, 2.7989885968676083, 0.5794809498505592, 1.2632524402439202, 0.03234527373358476], [0.044200698139290805, 0.13036788551934425, -0.020079509566613196, 0.03234527373358476, 0.5706733975435482]], "e_q": 192.04451014335447, "rho": 0.001, "gamma": 0.95, "sigma": 0.0, "c": [1.0, 1.0, 1.0, 1.0, 0.8], "x_range": [3.0, 2.0, 0.1, 1.0], "state": "solved", "u_range": 0.3}