{"M": [[-0.04141732176885682, -0.5526246896754432, 0.6368328210730868, 0.43730573575260817]], "obj_fun": 31.279643685213344, "time": 7.063736200332642, "Q_q": [[2.863400936215207, 3.5994595548819466, -1.8636667041146375, -0.8315613755351343, 0.04788016358409519], [3.5994595548819466, 9.480146937039205, -8.282302940317694, -3.862337394932946, 0.6388573527264167], [-1.8636667041146375, -8.282302940317694, 11.127652931611665, 5.99731945682776, -0.73620548955022], [-0.8315613755351343, -3.862337394932946, 5.99731945682776, 4.281551816375593, -0.5055437983400034], [0.04788016358409519, 0.6388573527264167, -0.73620548955022, -0.5055437983400034, 1.1560420022160394]], "e_q": 2.602057462198838, "rho": 0.8, "gamma": 0.95, "sigma": 0.001, "c": [1.0, 1.0, 1.0, 1.0, 0.8], "x_range": 3.0, "state": "solved", "M_0": [[0.001, 0.001, 0.001, 0.001]], "eps": [0.3]}