{"M": [[-0.0035623984452867827, -0.009739583659118426]], "obj_fun": 5.846749996120118, "time": 2.8328208923339844, "Q_q": [[2.5208206893193443, 1.5182550695221289, 0.003336511394940698], [1.5182550695221289, 2.5115168441772306, 0.009122009331556064], [0.003336511394940698, 0.009122009331556064, 0.9365913011092446]], "e_q": 0.06513942173614778, "rho": 0.95, "gamma": 0.95, "sigma": 0.001, "c": [1.0, 1.0, 0.8], "x_range": 5.0, "state": "solved", "M_0": [[0.001, 0.001]], "eps": [0.3, 0.3]}