{"M": [[2.7947447146917432, -3.793116287406139]], "obj_fun": 436.70813638912966, "time": 0.32950544357299805, "Q_q": [[793.5629805689806, -267.8865975530377, -2.405813973817028], [-267.8865975530377, 394.4109021569385, 3.2652471335154454], [-2.405813973817028, 3.2652471335154454, 0.8608349668468329]], "e_q": -751.954414310267, "rho": 0.95, "gamma": 0.95, "sigma": 0.0, "c": [1.0, 1.0, 0.8], "x_range": 1.0, "state": "solved", "u_range": 10.0}