{"M": [[0.16617528226269063, 0.48048059975104457]], "obj_fun": 53.787115781139015, "time": 4.817074298858643, "Q_q": [[1.4811396101610717, 6.210281540638092, -0.03600816638614361], [6.210281540638092, 10.466278171587387, -0.10411431318527764], [-0.03600816638614361, -0.10411431318527764, 0.21668786052802813]], "e_q": 41.66634771096813, "rho": 0.95, "gamma": 0.95, "sigma": 0.0, "c": [1.0, 1.0, 0.8], "x_range": 10.0, "state": "solved", "u_range": 100.0}