{"M": [[2.9392858158148445, -4.241022288370502]], "obj_fun": 446.6925019098203, "time": 0.37822461128234863, "Q_q": [[819.7417314331988, -245.8325481604967, -1.4192530662465639], [-245.8325481604967, 370.33060340773477, 2.047804896823622], [-1.4192530662465639, 2.047804896823622, 0.48285643356296426]], "e_q": -743.7661180779637, "rho": 0.95, "gamma": 0.95, "sigma": 0.0001, "c": [1.0, 1.0, 0.8], "x_range": 1.0, "state": "solved", "u_range": 10.0}