{"M": [[0.08119893106582694, 0.1829502693961841]], "obj_fun": 9.40928735210185, "time": 0.06029939651489258, "Q_q": [[2.0880052662056, 0.8449010788095569, -0.27717074332102554], [0.8449010788095569, 1.1171633323261823, -0.6244966712457521], [-0.27717074332102554, -0.6244966712457521, 3.4134777352712526]], "e_q": 3.473336565353066, "rho": 0.95, "gamma": 0.95, "sigma": 0.001, "c": [1.0, 1.0, 0.8], "x_range": 5.0, "state": "solved", "M_0": [[0.01, 0.01]], "eps": [0.3, 0.3]}