{"M": [[-0.004162114264700218, -0.032813692643673106]], "obj_fun": 39.449151445181926, "time": 0.006305694580078125, "Q_q": [[1.021059138403478, 0.235949290121618, 0.06504163823543067], [0.235949290121618, 0.5072326938511826, 0.5127817715624686], [0.06504163823543067, 0.5127817715624686, 15.62706694216993]], "e_q": 25.419206059191318, "rho": 0.95, "gamma": 0.95, "sigma": 0.001, "c": [1.0, 1.0, 0.8], "x_range": 5.0, "state": "solved", "M_0": [[0.01, 0.01]], "eps": [0.3, 0.3]}