{"M": [[-5.925047415856147e-05, 6.563282739960563e-05]], "obj_fun": 40.59441626500065, "time": 5.213467836380005, "Q_q": [[19.952995252422276, -0.2024600339218873, 5.6287129858236995e-05], [-0.2024600339218873, 19.91105870421272, -6.235027704450947e-05], [5.6287129858236995e-05, -6.235027704450947e-05, 0.9499861504501348]], "e_q": -0.029626611994453416, "rho": 0.95, "gamma": 0.95, "sigma": 0.0, "c": [1.0, 1.0, 0.8], "x_range": 2.0, "state": "solved", "M_0": [[0.001, 0.001]], "eps": [0.3, 0.3]}