{"M": [[-108.76233123574039, -210.08642711842418]], "obj_fun": 1515171.0755966902, "time": 0.5004792213439941, "Q_q": [[918097437.7452607, 1573967.5953921971, 90.76918031608761], [1573967.5953921971, 2091659.3097395801, 175.33067348236884], [90.76918031608761, 175.33067348236884, 0.8345644975129031]], "e_q": -918673926.6470553, "rho": 0.95, "gamma": 0.95, "sigma": 0.0, "c": [1.0, 1.0, 0.8], "x_range": 1.0, "state": "solved", "u_range": 1000.0}