{"M": [[2.978212936668518, -4.295610970823101]], "obj_fun": 443.0335042649035, "time": 0.3637971878051758, "Q_q": [[819.3954770715034, -238.04535730254543, -1.313947703766576], [-238.04535730254543, 362.2105259914029, 1.895166091683571], [-1.313947703766576, 1.895166091683571, 0.4411866215437172]], "e_q": -738.9254480952377, "rho": 0.95, "gamma": 0.95, "sigma": 0.001, "c": [1.0, 1.0, 0.8], "x_range": 1.0, "state": "solved", "u_range": 10.0}