{"M": [[-0.0393239503612252, -0.06553641298222947]], "obj_fun": 42.03134008309647, "time": 0.006304502487182617, "Q_q": [[1.3870733038141458, 0.44310141163194733, 0.4199411898430839], [0.44310141163194733, 1.2167418628263769, 0.6998645607319828], [0.4199411898430839, 0.6998645607319828, 10.67901840953295]], "e_q": 30.88431018882958, "rho": 0.95, "gamma": 0.95, "sigma": 0.0, "c": [1.0, 1.0, 0.8], "x_range": 5.0, "state": "solved", "M_0": [[0.01, 0.01]], "eps": [0.3, 0.3]}