{"M": [[0.0007295799387961189, -0.0007990105328830148]], "obj_fun": 40.60141933025687, "time": 0.03625059127807617, "Q_q": [[19.970375926066318, -0.19610110357240818, -0.0006923015377721866], [-0.19610110357240818, 19.916885718799094, 0.0007581845267344514], [-0.0006923015377721866, 0.0007581845267344514, 0.9489042954149131]], "e_q": -0.04496575094047455, "rho": 0.95, "gamma": 0.95, "sigma": 0.0, "c": [1.0, 1.0, 0.8], "x_range": 2.0, "state": "solved", "M_0": [[0.001, 0.001]], "eps": [0.3, 0.3]}