{"M": [[0.00014955071902231467, -0.0019350568334275916]], "obj_fun": 40.595053182738106, "time": 0.3883523941040039, "Q_q": [[19.95045572112926, -0.20233133407726198, -0.00014183095013832922], [-0.20233133407726198, 19.917775612039083, 0.0018351697073134816], [-0.00014183095013832922, 0.0018351697073134816, 0.9483802623320481]], "e_q": -0.03188236029587438, "rho": 0.95, "gamma": 0.95, "sigma": 0.0, "c": [1.0, 1.0, 0.8], "x_range": 2.0, "state": "solved", "M_0": [[0.001, 0.001]], "eps": [0.3, 0.3]}