{"M": [[0.0010054816303503478, 0.0008117039924105944]], "obj_fun": 40.35173225368428, "time": 0.04150724411010742, "Q_q": [[19.828239654184483, -0.07358394033205092, -0.0009560677850595054], [-0.07358394033205092, 19.788587629735417, -0.0007718132432489608], [-0.0009560677850595054, -0.0007718132432489608, 0.9508555464373578]], "e_q": -0.02577946738550405, "rho": 0.95, "gamma": 0.95, "sigma": 0.0, "c": [1.0, 1.0, 0.8], "x_range": 5.0, "state": "solved", "M_0": [[0.001, 0.001]], "eps": [0.3, 0.3]}