{"A": [[0.5, -0.07683319973982294, 0.09599246526846186, 0.07142498350091347, -0.04574958464762718, -0.020037571998133857, -0.03105637452489847, 0.027837379845078503, -0.013647974469136154, -0.08599156197107108], [0.03068423222272737, 0.5, 0.0073846002164780905, -0.018992877340610018, -0.03579140199135662, 0.0, 0.021261626609017023, 0.026957264586738944, -0.07934036898297228, -0.09416195303021735], [-0.01915127641214824, -0.026980024587998044, 0.5, -0.09617542051026205, 0.06855537253696847, -0.055427236397003955, -0.0, -0.07999718781568897, -0.08677010757660907, 0.0], [0.011936481164689594, -0.008718086932186675, -0.06008077157597713, 0.5, 0.005646817835707155, 0.05629592004693226, 0.08544236147462358, 0.0, 0.07567449907599882, 0.09746975141479364], [-0.027091074800642684, -0.024722168961129748, -0.04781910012378805, 0.036347989013872234, 0.5, 0.0048759622154439936, -0.06803094262916173, 0.0, -0.0, -0.08372608022933895], [0.043924031568457644, 0.0015271094481529718, 0.00990011455905429, 0.004152287448372108, 0.07547975783482394, 0.5, -0.09972333000020017, -0.03635329816458753, -0.008299366586711002, -0.03277954672002252], [0.08900535538807827, -0.024651746607802644, 0.05837591392618027, -0.05102210411598012, -0.06679043509575086, -0.04118466752336678, 0.5, -0.0012084332025553007, 0.06884699231060484, -0.014619127957785263], [0.0636066611511677, -0.06872333022640739, -0.08492818618333194, -0.07847645897008362, -0.05068861203776878, -0.07649487141927247, 0.0865122407714681, 0.5, -0.051564281174782914, -0.0033212929595215906], [0.0, -0.024518685482222538, 0.041807092036658, -0.029612751900861864, 0.05399343725001779, 0.02433308729065156, 0.07487998341496846, -0.0575131277411918, 0.5, -0.019394799519142275], [0.005381489810436069, -0.09989080702060088, -0.08728924503276832, 0.08647878779209889, 0.0716675277268525, -0.06817075261155144, -0.07686762561899735, 0.02749245547444132, -0.004123090122162387, 0.5]], "B": [[-0.09013021064231207, 0.04301051949303342], [-0.06540972914576873, 0.06346782229232428], [0.07645673438382147, -0.018054758873851287], [0.0031276693302503544, 0.04745571594283357], [0.0, 0.04209115190089832], [-0.00329637451450826, -0.028200944332073583], [0.08466106151174166, -0.032073791166760166], [0.09263945905207602, -0.04861667126266618], [-0.0016215536583310958, -0.06289642049536476], [-0.034746073470125524, -0.010624607210760167]], "C": [[1.0, 0.0, 0.0, 0.0, 0.0, 0.0, 0.0, 0.0, 0.0, 0.0], [0.0, 1.0, 0.0, 0.0, 0.0, 0.0, 0.0, 0.0, 0.0, 0.0], [0.0, 0.0, 1.0, 0.0, 0.0, 0.0, 0.0, 0.0, 0.0, 0.0], [0.0, 0.0, 0.0, 1.0, 0.0, 0.0, 0.0, 0.0, 0.0, 0.0], [0.0, 0.0, 0.0, 0.0, 1.0, 0.0, 0.0, 0.0, 0.0, 0.0], [0.0, 0.0, 0.0, 0.0, 0.0, 1.0, 0.0, 0.0, 0.0, 0.0], [0.0, 0.0, 0.0, 0.0, 0.0, 0.0, 1.0, 0.0, 0.0, 0.0], [0.0, 0.0, 0.0, 0.0, 0.0, 0.0, 0.0, 1.0, 0.0, 0.0], [0.0, 0.0, 0.0, 0.0, 0.0, 0.0, 0.0, 0.0, 1.0, 0.0], [0.0, 0.0, 0.0, 0.0, 0.0, 0.0, 0.0, 0.0, 0.0, 1.0]]}