{"A": [[0.5, -0.02853062406440912, 0.046348837086578554, -0.042017310081608916, 0.05583588666036682, -0.031093907849137556, 0.0471787793615466, 0.0, -0.0027179102222669033, 0.013569200295501502, -0.00036408684741132125], [0.02554695123905687, 0.5, -0.016661648618257807, -0.030361611450695977, -0.0, 0.08370929023807, -0.0, -0.0, -0.08862454817092891, -0.08070982786052316, 0.013301221397832547], [-0.031531524674968434, -0.037085340999142555, 0.5, 0.0034652167032160203, 0.08023243412983233, 0.06537232060973899, -0.09228855078820034, -0.05662594998179187, -0.0914151618782336, -0.08005341055304921, 0.06400448717395035], [-0.0, 0.06277602838412719, -0.0, 0.5, 0.0, -0.0378320045713368, -0.03280449153194896, 0.06303987906286271, 0.0, -0.0, -0.0], [0.004435173800423825, 0.07788958176317332, 0.0, -0.0, 0.5, -0.03669985090927873, 0.0459655271058535, 0.0, -0.06470012222218798, 0.0012624448046777148, -0.060548105139852475], [-0.04195039148801432, 0.018213076166798042, 0.061052771115835014, 0.011834756420340445, -0.001527718661823177, 0.5, 0.06679632877532635, 0.0, -0.0, 0.0, -0.08046472651045518], [0.08768240433887714, 0.0, -0.09798726086878135, 0.041754078188209726, 0.0, -0.09386779033485643, 0.5, 0.0, -0.0785054864462391, -0.0, -0.0], [-0.051264424943753564, 0.05064802391843537, 0.0, 0.08970806022576822, 0.06966905395800121, -0.06293028260412344, -0.07412884779226009, 0.5, -0.08638138015157869, 0.09298498816968792, -0.03000143127396622], [-0.0, 0.0, -0.0, 0.045508721918149975, -0.0, 0.07064919523170257, 0.09384117434353706, -0.0, 0.5, -0.04877724099599641, -0.053445465563777585], [0.05824548620382247, 0.011610247331452508, -0.016272627285994698, -0.0, -0.08334180405620016, 0.0, -0.06959455455808611, 0.0, -0.0, 0.5, -0.07821925223173476], [0.0, 0.004135558296510716, 0.0549001909768404, 0.0, 0.023531396513848654, 0.0, 0.0049154134957251905, -0.07594453100410609, 0.07700437024236126, 0.0, 0.5]], "B": [[0.0, 0.010487811798326627, 0.0], [0.0, 0.05667932910296117, -0.08678514722966563], [-0.012348810605659288, -0.0, -0.06726314776967031], [-0.04744000873510219, -0.09296798805676117, 0.0632728611039712], [0.07036171655144863, -0.0778955411894679, 0.09959880018713171], [0.020664598458148914, 0.0, -0.0], [-0.033911885479431234, -0.043828101073551465, 0.04571174598989736], [0.058352284236074164, -0.0, 0.0], [-0.0, 0.0, 0.04128211553340219], [0.0, -0.0, 0.09111367879608417], [0.06536105407381515, 0.0, -0.06880441439310869]], "C": [[1.0, 0.0, 0.0, 0.0, 0.0, 0.0, 0.0, 0.0, 0.0, 0.0, 0.0], [0.0, 1.0, 0.0, 0.0, 0.0, 0.0, 0.0, 0.0, 0.0, 0.0, 0.0], [0.0, 0.0, 1.0, 0.0, 0.0, 0.0, 0.0, 0.0, 0.0, 0.0, 0.0], [0.0, 0.0, 0.0, 1.0, 0.0, 0.0, 0.0, 0.0, 0.0, 0.0, 0.0], [0.0, 0.0, 0.0, 0.0, 1.0, 0.0, 0.0, 0.0, 0.0, 0.0, 0.0], [0.0, 0.0, 0.0, 0.0, 0.0, 1.0, 0.0, 0.0, 0.0, 0.0, 0.0], [0.0, 0.0, 0.0, 0.0, 0.0, 0.0, 1.0, 0.0, 0.0, 0.0, 0.0], [0.0, 0.0, 0.0, 0.0, 0.0, 0.0, 0.0, 1.0, 0.0, 0.0, 0.0], [0.0, 0.0, 0.0, 0.0, 0.0, 0.0, 0.0, 0.0, 1.0, 0.0, 0.0], [0.0, 0.0, 0.0, 0.0, 0.0, 0.0, 0.0, 0.0, 0.0, 1.0, 0.0], [0.0, 0.0, 0.0, 0.0, 0.0, 0.0, 0.0, 0.0, 0.0, 0.0, 1.0]]}