{"A": [[0.5, 0.07854143284979631, -0.0, -0.012893691893813314, 0.08469110764082133, -0.0, 0.017630292087059865, 0.03946605016601029, -0.04724646270990758, -0.07289031337829872, 0.08507900505848814, -0.015389111966775768], [-0.0, 0.5, 0.02990684483505937, 0.07337218273187499, 0.08229017507015246, -0.0, 0.01209011774195605, -0.04265666339192114, -0.0, 0.08843694380360959, 0.07206213566868391, -0.031142167060212222], [0.06304500814327454, 0.0, 0.5, 0.0, -0.08979853823424884, 0.0004906148625794388, -0.0, 0.013538549767368818, 0.09644955545766884, -0.07627689632684682, -0.051086078195887445, 0.05148131116434518], [0.0, -0.0, -0.0, 0.5, -0.0, -0.01966236299920225, -0.0, -0.0, -0.069753955005183, 0.017221588348228956, 0.0024161431847569137, -0.027231044981672434], [0.011058821493391921, 0.09109318666115618, -0.07621661157079729, 0.05631634553632153, 0.5, 0.08326806596731484, 0.0, 0.01472194939336309, 0.09585726399783548, -0.028180582453940756, 0.027721835528282612, -0.09285146349990325], [0.0004211161448226114, 0.049604559868653975, -0.039869768260646636, 0.00976926569323347, 0.0350251827641514, 0.5, -0.0, 0.0, -0.0, -0.0, 0.08936143418890444, -0.0234471561514457], [0.0, -0.06952710326973806, -0.0799533125151754, -0.04114676717406221, 0.05909130535526294, 0.08757287488880783, 0.5, -0.08043796770418946, 0.05383110499771823, -0.08925329052925293, -0.06651283610809217, 0.04010572456357256], [0.0933150213848328, 0.09884661664415242, -0.09257407922171045, -0.0, 0.0732269412649462, -0.08697570629023632, 0.0, 0.5, 0.011597480121926546, -0.01991029305281533, -0.019824087273602936, 0.005542945114573164], [-0.0, 0.0, 0.08985598000862843, 0.05623856879247813, -0.0, 0.0372760460000946, -0.0, 0.06206041630864645, 0.5, -0.08494454403345311, -0.0, 0.037736685295736094], [0.0534420132108194, 0.0, 0.04792650023598985, -0.044402011040906825, 0.031994109704652496, 0.0549759558694804, -0.09266171642611741, 0.0, 0.0, 0.5, -0.0, -0.09396144534625768], [-0.011104208929546, 0.008009592738738386, -0.031028682675450378, -0.0, 0.0, 0.09161343559868698, 0.024025176113648294, 0.09707571291342118, 0.053013989831628, -0.026892194376384723, 0.5, -0.0], [0.08243019060231777, -0.0, 0.007434025589741489, 0.0, -0.07558287863270657, -0.0, -0.0, 0.0, -0.0, -0.0, -0.0, 0.5]], "B": [[0.09960455755162012, 0.08884054358278842, -0.07866351063945731], [-0.04077444531706134, 0.03140873538328465, 0.08703210241556511], [0.04039551903323943, -0.07366254363710863, 0.04088030788023472], [-0.0, 0.04181016196310891, 0.058499781121783306], [-0.0033082003657953357, 0.0832838021402211, 0.0], [0.007589155830380487, -0.0389622594613942, 0.08042624296084641], [0.06349065272363325, 0.035578993923704255, -0.06070980163580922], [0.06859465928021685, 0.0, 0.07961755102539672], [-0.005163037547275651, -0.07191209572578941, 0.06609526902419191], [-0.0, 0.0, 0.0928400838909563], [0.06041370477912278, -0.029236193485471823, 0.03157242674528565], [0.08007349032084513, -0.09391469693259882, -0.0]], "C": [[1.0, 0.0, 0.0, 0.0, 0.0, 0.0, 0.0, 0.0, 0.0, 0.0, 0.0, 0.0], [0.0, 1.0, 0.0, 0.0, 0.0, 0.0, 0.0, 0.0, 0.0, 0.0, 0.0, 0.0], [0.0, 0.0, 1.0, 0.0, 0.0, 0.0, 0.0, 0.0, 0.0, 0.0, 0.0, 0.0], [0.0, 0.0, 0.0, 1.0, 0.0, 0.0, 0.0, 0.0, 0.0, 0.0, 0.0, 0.0], [0.0, 0.0, 0.0, 0.0, 1.0, 0.0, 0.0, 0.0, 0.0, 0.0, 0.0, 0.0], [0.0, 0.0, 0.0, 0.0, 0.0, 1.0, 0.0, 0.0, 0.0, 0.0, 0.0, 0.0], [0.0, 0.0, 0.0, 0.0, 0.0, 0.0, 1.0, 0.0, 0.0, 0.0, 0.0, 0.0], [0.0, 0.0, 0.0, 0.0, 0.0, 0.0, 0.0, 1.0, 0.0, 0.0, 0.0, 0.0], [0.0, 0.0, 0.0, 0.0, 0.0, 0.0, 0.0, 0.0, 1.0, 0.0, 0.0, 0.0], [0.0, 0.0, 0.0, 0.0, 0.0, 0.0, 0.0, 0.0, 0.0, 1.0, 0.0, 0.0], [0.0, 0.0, 0.0, 0.0, 0.0, 0.0, 0.0, 0.0, 0.0, 0.0, 1.0, 0.0], [0.0, 0.0, 0.0, 0.0, 0.0, 0.0, 0.0, 0.0, 0.0, 0.0, 0.0, 1.0]]}