{"A": [[0.5, -0.025393027223850506, 0.050119004585797516, 0.08483175332415271, -0.0902619408048943, -0.0, -0.0, 0.03610289622856516, 0.042105680544469115, -0.0, 0.07584695260626542, -0.043460069810892676], [0.0, 0.5, -0.0, 0.08442229235343862, -0.0, -0.0, -0.04418641035428033, -0.0, 0.039054001180937215, 0.08977220414410148, 0.0, 0.01774792199405764], [-0.09662566532599207, 0.06273572994037269, 0.5, -0.03320702608063818, -0.08055141487351508, 0.003990474914167638, -0.08182285359351811, -0.0, 0.0773921562434835, -0.07330770581301312, 0.0743571469510986, 0.0844695963593266], [0.08466121357783263, 0.09365728205885945, -0.09279323651428611, 0.5, -0.0, -0.03999421610481409, 0.0, 0.08157511887086522, 0.0, -0.08470264619394292, -0.050520248892169266, -0.0], [0.0, 0.07961247144274702, 0.005787985806176635, 0.09959245026573468, 0.5, -0.0058702101572180865, 0.09590538586709171, -0.0, -0.08735847633227388, -0.004470699424716784, -0.0, -0.02641448389259174], [-0.03250452364715202, -0.0733121136508792, -0.0, 0.03183529437000565, 0.09985559878443423, 0.5, 0.04428133359199049, 0.06261077264949214, 0.07795873128910805, 0.039649695563658105, -0.07046288435865854, -0.0], [0.00439925472599649, 0.09174818461131859, -0.0, 0.0490796147894586, 0.0871664160433577, -0.020039661555094818, 0.5, -0.07043826466054554, 0.03135239168816742, -0.08054840104247188, 0.016216385934412617, -0.0], [-0.08829301555288825, -0.07683319973982294, 0.09599246526846186, 0.07142498350091347, -0.0, -0.020037571998133857, -0.03105637452489847, 0.5, 0.027837379845078503, -0.013647974469136154, -0.08599156197107108, 0.03068423222272737], [0.0073846002164780905, -0.0, -0.03579140199135662, 0.0, 0.0, 0.026957264586738944, -0.07934036898297228, -0.09416195303021735, 0.5, -0.01915127641214824, -0.026980024587998044, -0.0], [0.06855537253696847, -0.055427236397003955, -0.0, -0.0, -0.0, 0.0, 0.0, -0.008718086932186675, -0.0, 0.5, 0.005646817835707155, 0.05629592004693226], [0.08544236147462358, 0.0, 0.07567449907599882, 0.09746975141479364, -0.027091074800642684, -0.024722168961129748, -0.04781910012378805, 0.036347989013872234, 0.0, -0.0, 0.5, 0.0], [-0.0, -0.08372608022933895, 0.043924031568457644, 0.0015271094481529718, 0.00990011455905429, 0.004152287448372108, 0.0, -0.09972333000020017, -0.0, -0.008299366586711002, -0.03277954672002252, 0.5]], "B": [[0.08900535538807827, -0.024651746607802644, 0.05837591392618027], [-0.05102210411598012, -0.0, -0.04118466752336678], [-0.0012084332025553007, 0.06884699231060484, -0.0], [0.0636066611511677, -0.0, -0.08492818618333194], [-0.07847645897008362, -0.05068861203776878, -0.07649487141927247], [0.0865122407714681, -0.051564281174782914, -0.0], [0.0, -0.024518685482222538, 0.041807092036658], [-0.029612751900861864, 0.05399343725001779, 0.02433308729065156], [0.0, -0.0, -0.0], [0.005381489810436069, -0.09989080702060088, -0.08728924503276832], [0.0, 0.0, -0.06817075261155144], [-0.07686762561899735, 0.02749245547444132, -0.004123090122162387]], "C": [[1.0, 0.0, 0.0, 0.0, 0.0, 0.0, 0.0, 0.0, 0.0, 0.0, 0.0, 0.0], [0.0, 1.0, 0.0, 0.0, 0.0, 0.0, 0.0, 0.0, 0.0, 0.0, 0.0, 0.0], [0.0, 0.0, 1.0, 0.0, 0.0, 0.0, 0.0, 0.0, 0.0, 0.0, 0.0, 0.0], [0.0, 0.0, 0.0, 1.0, 0.0, 0.0, 0.0, 0.0, 0.0, 0.0, 0.0, 0.0], [0.0, 0.0, 0.0, 0.0, 1.0, 0.0, 0.0, 0.0, 0.0, 0.0, 0.0, 0.0], [0.0, 0.0, 0.0, 0.0, 0.0, 1.0, 0.0, 0.0, 0.0, 0.0, 0.0, 0.0], [0.0, 0.0, 0.0, 0.0, 0.0, 0.0, 1.0, 0.0, 0.0, 0.0, 0.0, 0.0], [0.0, 0.0, 0.0, 0.0, 0.0, 0.0, 0.0, 1.0, 0.0, 0.0, 0.0, 0.0], [0.0, 0.0, 0.0, 0.0, 0.0, 0.0, 0.0, 0.0, 1.0, 0.0, 0.0, 0.0], [0.0, 0.0, 0.0, 0.0, 0.0, 0.0, 0.0, 0.0, 0.0, 1.0, 0.0, 0.0], [0.0, 0.0, 0.0, 0.0, 0.0, 0.0, 0.0, 0.0, 0.0, 0.0, 1.0, 0.0], [0.0, 0.0, 0.0, 0.0, 0.0, 0.0, 0.0, 0.0, 0.0, 0.0, 0.0, 1.0]]}