{"A": [[0.5, 0.043037873274483884], [0.008976636599379376, 0.5]], "B": [[0.029178822613331212, 0.07835460015641596], [-0.023311696234844456, 0.005778983950580893]], "C": [[1.0, 0.0], [0.0, 1.0]]}