{"A": [[0.5, 0.08511932765853222, -0.0], [0.0, 0.5, 0.07400242964936385], [0.059831712843344736, 0.0561058352572911, 0.5]], "B": [[0.02798420426550477, 0.08893378340991678], [-0.017067612001895285, 0.05484673788684333], [0.013686789773729696, 0.0]], "C": [[1.0, 0.0, 0.0], [0.0, 1.0, 0.0], [0.0, 0.0, 1.0]]}