{"A": [[0.5, 0.02338679937495139, 0.03636405982069668, -0.012593609240131712], [-0.08795490567414604, 0.5, 0.03412757392363189, -0.07421474046902934], [-0.027257845811475487, -0.012279697307535933, 0.5, -0.0795910378503944], [-0.06773809642300074, -0.04934167949204358, -0.05111488159967945, 0.5]], "B": [[-0.07792497176713897, -0.07236340973027724], [-0.02625496586780718, -0.08057974484138775], [-0.08078031842120739, -0.0062697596704596875], [0.020969103949009193, -0.09216244154913587]], "C": [[1.0, 0.0, 0.0, 0.0], [0.0, 1.0, 0.0, 0.0], [0.0, 0.0, 1.0, 0.0], [0.0, 0.0, 0.0, 1.0]]}