{"A": [[0.5, 0.08511932765853222, -0.0, 0.0], [0.07400242964936385, 0.5, 0.059831712843344736, 0.0561058352572911], [0.0, 0.0, 0.5, -0.017067612001895285], [0.0, 0.013686789773729696, 0.0, 0.5]], "B": [[0.02338679937495139, 0.03636405982069668], [-0.012593609240131712, -0.08795490567414604], [0.03412757392363189, -0.0], [-0.027257845811475487, -0.012279697307535933]], "C": [[1.0, 0.0, 0.0, 0.0], [0.0, 1.0, 0.0, 0.0], [0.0, 0.0, 1.0, 0.0], [0.0, 0.0, 0.0, 1.0]]}