{"A": [[0.5, -0.07596068775736622, -0.0762544562091512, -0.017147401097066, 0.0], [-0.04692210181211092, 0.5, -0.08121189784831168, 0.08585923951524282, 0.03348207599273634], [0.043265440823713114, -0.06336172759857664, 0.5, -0.0959784907625013, -0.0990609047614906], [-0.04599840536156703, 0.09243770902348766, 0.015231466883567385, 0.5, 0.01445038115817468], [0.09054980230339701, 0.06928173449422556, -0.04051260982897327, -0.020698851830603077, 0.5]], "B": [[0.016254574527171745, 0.03850631801555318], [0.0002648763853404512, 0.028798039845927492], [0.021278642825584865, -0.0], [-0.04198447855791119, -0.014246259810846776], [-0.04034353480879385, 0.018174552249634643]], "C": [[1.0, 0.0, 0.0, 0.0, 0.0], [0.0, 1.0, 0.0, 0.0, 0.0], [0.0, 0.0, 1.0, 0.0, 0.0], [0.0, 0.0, 0.0, 1.0, 0.0], [0.0, 0.0, 0.0, 0.0, 1.0]]}