{"A": [[0.5, 0.030640163971426715, -0.013716312913205214, -0.02648762599042069, 0.07838467100313443, 0.04077771670807326], [0.08389652274893472, 0.5, 0.09976940131357331, 0.07362521147364284, 0.023111912856768835, 0.06960164586444689], [0.01382014772291866, -0.0861666009089724, 0.5, -0.009291463464386224, 0.07327646518572584, 0.0711606684785222], [-0.0, -0.06567406454771191, -0.08913240233214928, 0.5, -0.09629564110787721, -0.05521506238792398], [0.08561625869311817, -0.09363221409373844, 0.0242956802999527, -0.052421435725098275, 0.5, 0.0227931911931792], [0.017981995270914194, -0.03761100090407963, -0.05803125020497557, 0.08887447799678672, -0.0019082382764865902, 0.5]], "B": [[-0.049128703645921416, -0.0], [0.03926869776309189, -0.06407926448807305], [-0.0, -0.009260631088790938], [0.07933425860806842, -0.056620603120305216], [-0.04733552465256988, 0.0], [-0.02330722116562041, 0.06620969104723809]], "C": [[1.0, 0.0, 0.0, 0.0, 0.0, 0.0], [0.0, 1.0, 0.0, 0.0, 0.0, 0.0], [0.0, 0.0, 1.0, 0.0, 0.0, 0.0], [0.0, 0.0, 0.0, 1.0, 0.0, 0.0], [0.0, 0.0, 0.0, 0.0, 1.0, 0.0], [0.0, 0.0, 0.0, 0.0, 0.0, 1.0]]}