{"A": [[0.5, -0.0795910378503944, -0.0, -0.04934167949204358, -0.05111488159967945, -0.0], [-0.07236340973027724, 0.5, -0.0, -0.08057974484138775, -0.08078031842120739, -0.0062697596704596875], [0.020969103949009193, -0.09216244154913587, 0.5, -0.0, -0.0, -0.017147401097066], [0.0, -0.04692210181211092, -0.08121189784831168, 0.5, 0.08585923951524282, 0.03348207599273634], [0.0, -0.0, -0.0959784907625013, -0.0990609047614906, 0.5, -0.04599840536156703], [0.09243770902348766, 0.0, 0.01445038115817468, 0.0, 0.06928173449422556, 0.5]], "B": [[-0.04051260982897327, -0.020698851830603077], [0.016254574527171745, 0.03850631801555318], [0.0002648763853404512, 0.028798039845927492], [0.021278642825584865, -0.0], [-0.04198447855791119, -0.014246259810846776], [-0.0, 0.018174552249634643]], "C": [[1.0, 0.0, 0.0, 0.0, 0.0, 0.0], [0.0, 1.0, 0.0, 0.0, 0.0, 0.0], [0.0, 0.0, 1.0, 0.0, 0.0, 0.0], [0.0, 0.0, 0.0, 1.0, 0.0, 0.0], [0.0, 0.0, 0.0, 0.0, 1.0, 0.0], [0.0, 0.0, 0.0, 0.0, 0.0, 1.0]]}