{"A": [[0.5, 0.07453013108947906, 0.059609366782512746, 0.09055833139438893, -0.05689846457728831, 0.04617116135403157, -0.057337604526503605], [-0.09486745638909369, 0.5, -0.015062906249698749, -0.007284915127037855, 0.017356869291633756, -0.07649362880759339, -0.07358637873096935], [-0.020788059438541256, -0.06334403275718428, 0.5, -0.002388743870209084, 0.08808638905056262, 0.04973272397010947, -0.08331551291159629], [0.016895213791153774, -0.041570494641490235, -0.07994121154690044, 0.5, 0.0, 0.05703058240462755, 0.017282033237265335], [-0.0, 0.07530104906331817, 0.0923140309082997, 0.0898637644831363, 0.5, 0.05984051747047833, 0.0748575933249894], [0.06978871106258364, -0.09735262844822011, -0.070371827810367, -0.004325938592002393, 0.027894503279744715, 0.5, -0.07261994566288021], [-0.062030417619448414, -0.05513659420505215, 0.0, 0.09216693161260003, 0.054809466539727764, -0.08377972200240065, 0.5]], "B": [[-0.05355317156581146, -0.08931456364263496], [-0.0977145082749938, -0.070610670919925], [-0.0, -0.05092655802943105], [0.01147375826478339, 0.04540885254226565], [-0.07370344014177449, -0.0], [-0.008771886639904067, 0.039125089127771434], [-0.0240146088199759, 0.05770910246130376]], "C": [[1.0, 0.0, 0.0, 0.0, 0.0, 0.0, 0.0], [0.0, 1.0, 0.0, 0.0, 0.0, 0.0, 0.0], [0.0, 0.0, 1.0, 0.0, 0.0, 0.0, 0.0], [0.0, 0.0, 0.0, 1.0, 0.0, 0.0, 0.0], [0.0, 0.0, 0.0, 0.0, 1.0, 0.0, 0.0], [0.0, 0.0, 0.0, 0.0, 0.0, 1.0, 0.0], [0.0, 0.0, 0.0, 0.0, 0.0, 0.0, 1.0]]}