{"A": [[0.5, 0.030640163971426715, -0.013716312913205214, -0.02648762599042069, 0.07838467100313443, 0.04077771670807326, 0.0, 0.09976940131357331], [0.0, 0.5, 0.0, 0.0, 0.01382014772291866, -0.0861666009089724, -0.009291463464386224, 0.07327646518572584], [0.0711606684785222, -0.0, 0.5, -0.06567406454771191, -0.08913240233214928, -0.0, -0.05521506238792398, 0.08561625869311817], [-0.09363221409373844, 0.0, -0.052421435725098275, 0.5, 0.0227931911931792, 0.017981995270914194, -0.03761100090407963, -0.05803125020497557], [0.0, -0.0019082382764865902, -0.0, -0.0, 0.5, 0.03926869776309189, -0.06407926448807305, -0.0], [-0.009260631088790938, 0.07933425860806842, -0.056620603120305216, -0.04733552465256988, 0.0, 0.5, -0.02330722116562041, 0.06620969104723809], [0.07453013108947906, 0.0, 0.0, -0.05689846457728831, 0.04617116135403157, -0.0, 0.5, -0.09486745638909369], [-0.0, -0.007284915127037855, 0.0, -0.07649362880759339, -0.07358637873096935, -0.020788059438541256, -0.06334403275718428, 0.5]], "B": [[-0.0, 0.08808638905056262], [0.04973272397010947, -0.08331551291159629], [0.016895213791153774, -0.041570494641490235], [-0.0, 0.0], [0.05703058240462755, 0.0], [-0.0, 0.07530104906331817], [0.0923140309082997, 0.0], [0.05984051747047833, 0.0748575933249894]], "C": [[1.0, 0.0, 0.0, 0.0, 0.0, 0.0, 0.0, 0.0], [0.0, 1.0, 0.0, 0.0, 0.0, 0.0, 0.0, 0.0], [0.0, 0.0, 1.0, 0.0, 0.0, 0.0, 0.0, 0.0], [0.0, 0.0, 0.0, 1.0, 0.0, 0.0, 0.0, 0.0], [0.0, 0.0, 0.0, 0.0, 1.0, 0.0, 0.0, 0.0], [0.0, 0.0, 0.0, 0.0, 0.0, 1.0, 0.0, 0.0], [0.0, 0.0, 0.0, 0.0, 0.0, 0.0, 1.0, 0.0], [0.0, 0.0, 0.0, 0.0, 0.0, 0.0, 0.0, 1.0]]}