{"A": [[0.5, 0.0, 0.05548151236975063, -0.02523737241348771, -0.0454356195151066, -0.06058914396287207, -0.09107753974917719, -0.08460871060267346], [-0.03863798009096078, 0.5, 0.09188666816668503, -0.09292751284890183, 0.0020033704636500393, 0.03627850212076758, -0.07422788690673597, 0.09128114455918976], [0.0807967909856474, -0.008617715670846834, 0.5, -0.00827920764628283, -0.020194935659379604, 0.03800500403824547, -0.034455919688576225, 0.027212211089428257], [-0.06789223550294872, 0.0918333206070445, 0.01819683306473699, 0.5, -0.008555309329228586, 0.015150232408974479, 0.08176874368254769, -0.06811710731020881], [-0.02031314827606459, -0.0, 0.06980766168570215, 0.0, 0.5, -0.028658621919491423, -0.0, 0.08585828346054278], [0.0, -0.009167520618489647, -0.05345117414418863, -0.09338508170489888, -0.0, 0.5, -0.0, -0.04936176125542962], [-0.09759275542046915, 0.023696051902549572, 0.09806900031217877, -0.06740911479067893, -0.0019389306902525688, -0.08693915856964396, 0.5, -0.04232030053370122], [0.03250091430653518, 0.033171823511837534, -0.015182202312830143, -0.042589696016074055, -0.017028626133287192, 0.06573138291114755, -0.09079853782254062, 0.5]], "B": [[-0.030296126101487353, 0.09709828552865951], [0.08098966910998537, 0.09840224868289482], [-0.07881876902355356, -0.05331594890638074], [-0.08832872820388227, 0.07634404246676793], [-0.024188620784514295, 0.049757651508026635], [-0.0656293801904714, -0.0391063185245361], [-0.05245163479687225, 0.08851671993958607], [0.07345788109249296, 0.0501529723772704]], "C": [[1.0, 0.0, 0.0, 0.0, 0.0, 0.0, 0.0, 0.0], [0.0, 1.0, 0.0, 0.0, 0.0, 0.0, 0.0, 0.0], [0.0, 0.0, 1.0, 0.0, 0.0, 0.0, 0.0, 0.0], [0.0, 0.0, 0.0, 1.0, 0.0, 0.0, 0.0, 0.0], [0.0, 0.0, 0.0, 0.0, 1.0, 0.0, 0.0, 0.0], [0.0, 0.0, 0.0, 0.0, 0.0, 1.0, 0.0, 0.0], [0.0, 0.0, 0.0, 0.0, 0.0, 0.0, 1.0, 0.0], [0.0, 0.0, 0.0, 0.0, 0.0, 0.0, 0.0, 1.0]]}