{"A": [[0.5, 0.09359311332084541, -0.009635663466048078, -0.0, -0.01650272504079764, 0.020823560804176397, 0.07907717685764201, 0.009376980333884427, 0.018446083752367365], [-0.01865333083285034, 0.5, -0.04566944647877083, -0.019657292924080277, 0.0011732767650616677, -0.025393027223850506, 0.050119004585797516, 0.08483175332415271, -0.0902619408048943], [-0.010772897468159612, -0.03030480219330059, 0.5, 0.03610289622856516, 0.042105680544469115, -0.031660377027053585, 0.07584695260626542, -0.043460069810892676, 0.0], [-0.0, 0.08442229235343862, -0.0, 0.5, -0.0, -0.04418641035428033, -0.07685935333458127, 0.039054001180937215, 0.08977220414410148], [0.0, 0.01774792199405764, -0.09662566532599207, 0.06273572994037269, 0.5, -0.03320702608063818, -0.08055141487351508, 0.003990474914167638, -0.08182285359351811], [-0.01793968746197487, 0.0773921562434835, -0.07330770581301312, 0.0743571469510986, 0.0844695963593266, 0.5, 0.08466121357783263, 0.09365728205885945, -0.09279323651428611], [-0.02217306457976284, -0.03999421610481409, 0.07726093321731198, 0.08157511887086522, 0.03222350230161991, -0.08470264619394292, 0.5, -0.050520248892169266, -0.0], [0.0, 0.07961247144274702, 0.005787985806176635, 0.09959245026573468, -0.0058702101572180865, 0.09590538586709171, -0.03440239981838407, 0.5, -0.08735847633227388], [-0.004470699424716784, -0.052317343815188405, -0.02641448389259174, -0.03250452364715202, -0.0733121136508792, -0.0, 0.03183529437000565, 0.09985559878443423, 0.5]], "B": [[0.04428133359199049, 0.06261077264949214], [0.07795873128910805, 0.039649695563658105], [-0.07046288435865854, -0.0], [0.00439925472599649, 0.09174818461131859], [-0.07859917196124169, 0.0490796147894586], [0.0871664160433577, -0.020039661555094818], [-0.07043826466054554, 0.03135239168816742], [-0.08054840104247188, 0.016216385934412617], [-0.06619491877416775, -0.08829301555288825]], "C": [[1.0, 0.0, 0.0, 0.0, 0.0, 0.0, 0.0, 0.0, 0.0], [0.0, 1.0, 0.0, 0.0, 0.0, 0.0, 0.0, 0.0, 0.0], [0.0, 0.0, 1.0, 0.0, 0.0, 0.0, 0.0, 0.0, 0.0], [0.0, 0.0, 0.0, 1.0, 0.0, 0.0, 0.0, 0.0, 0.0], [0.0, 0.0, 0.0, 0.0, 1.0, 0.0, 0.0, 0.0, 0.0], [0.0, 0.0, 0.0, 0.0, 0.0, 1.0, 0.0, 0.0, 0.0], [0.0, 0.0, 0.0, 0.0, 0.0, 0.0, 1.0, 0.0, 0.0], [0.0, 0.0, 0.0, 0.0, 0.0, 0.0, 0.0, 1.0, 0.0], [0.0, 0.0, 0.0, 0.0, 0.0, 0.0, 0.0, 0.0, 1.0]]}