{"M": [[-0.36802059273355764, 0.9139956668911716, -0.2778488959917266, -7.167575669982894]], "obj_fun": 175.1886480371246, "time": 1.1355679035186768, "Q_q": [[7.206712518312103, 11.449988024889805, 4.702240919019188, 0.6216452822395696, 0.09487863864273037], [11.449988024889805, 9.890221162833203, 10.336549965233118, 1.3353859677131854, -0.23563535930385307], [4.702240919019188, 10.336549965233118, 6.063723768744286, 5.793898916719944, 0.07163165735990841], [0.6216452822395696, 1.3353859677131854, 5.793898916719944, 82.38529562590621, 1.8478580692604902], [0.09487863864273037, -0.23563535930385307, 0.07163165735990841, 1.8478580692604902, 0.25780796106543236]], "e_q": 69.43644859247647, "rho": 0.95, "gamma": 0.95, "sigma": 0.0, "c": [1.0, 1.0, 1.0, 1.0, 0.8], "x_range": [10.0, 10.0, 4.0, 0.3], "state": "solved", "u_range": 10.0}