{"M": [[0.14322278998547225, -1.223010283476402, -0.41966062143132205, -0.7898688202332114]], "obj_fun": 117.30129485086763, "time": 1.0904150009155273, "Q_q": [[3.6507456210887006, 7.1500832470758215, 2.619805837530858, 0.7927006212534886, -0.023653987086366242], [7.1500832470758215, 5.692206980999042, 18.324075321363207, 0.06815795923044779, 0.20198649568813973], [2.619805837530858, 18.324075321363207, 5.123698215552455, 7.696405095315979, 0.06930912965038476], [0.7927006212534886, 0.06815795923044779, 7.696405095315979, 49.74534329672642, 0.13045093504752198], [-0.023653987086366242, 0.20198649568813973, 0.06930912965038476, 0.13045093504752198, 0.16515518995800582]], "e_q": 52.95717658453461, "rho": 0.95, "gamma": 0.95, "sigma": 0.0, "c": [1.0, 1.0, 1.0, 1.0, 0.8], "x_range": [10.0, 3.0, 4.0, 0.3], "state": "solved", "u_range": 10.0}