{"M": [[-0.2797366741619898, -0.48211792393552755, -0.218105829476798, 0.4698589724561017]], "obj_fun": 39.17423637393726, "time": 1.0194220542907715, "Q_q": [[11.613939837495055, 6.295473217592824, 2.4916143030751683, 0.30075760246788474, 0.17777823313349359], [6.295473217592824, 16.264960869032652, 13.761871109323112, 0.4749082436792845, 0.30639555194544565], [2.4916143030751683, 13.761871109323112, 6.233879764953213, 5.017286506584401, 0.13861060269146794], [0.30075760246788474, 0.4749082436792845, 5.017286506584401, 6.741779378234626, -0.29860474389137004], [0.17777823313349359, 0.30639555194544565, 0.13861060269146794, -0.29860474389137004, 0.635519935546763]], "e_q": -2.188739424215697, "rho": 0.95, "gamma": 0.95, "sigma": 0.0, "c": [1.0, 1.0, 1.0, 1.0, 0.8], "x_range": [2.0, 1.0, 4.0, 0.3], "state": "solved", "u_range": 2.0}