{"M": [[-0.05093973870255269, -0.8438649380148471, 0.03696509329676366, 0.02099199301546556]], "obj_fun": 57.661336527882796, "time": 0.5072669982910156, "Q_q": [[1.7486467766442055, 1.308192293731603, 0.3307942495495944, 0.06884075874424257, 0.11611143755849272], [1.308192293731603, 1.6054246450174858, 0.8013900292769536, 0.047677918758934006, 1.923495753094669], [0.3307942495495944, 0.8013900292769536, 1.9840701849884181, 1.0848799840490495, -0.08425779620176865], [0.06884075874424257, 0.047677918758934006, 1.0848799840490495, 1.2248518426160901, -0.04784890045227894], [0.11611143755849272, 1.923495753094669, -0.08425779620176865, -0.04784890045227894, 2.2793881656223367]], "e_q": 49.27483254611873, "rho": 0.8, "gamma": 0.95, "sigma": 0.001, "c": [1.0, 1.0, 1.0, 1.0, 0.8], "x_range": 5.0, "state": "solved", "M_0": [[0.001, 0.001, 0.001, 0.001]], "eps": [0.3, 0.3]}