{"M": [[-0.4266939482210661, -2.8142936636375993, 0.20588132868097075, -0.4411731276883923]], "obj_fun": 291.61751742681577, "time": 1.0946869850158691, "Q_q": [[15.795534427919451, 25.035866476899358, -1.0794147266892222, 6.590240984177539, 0.13883053553017893], [25.035866476899358, 82.31444104617918, -9.122942234511106, 24.215123998917313, 0.9156677709888074], [-1.0794147266892222, -9.122942234511106, -9.298904061234353, -4.38000452313195, -0.06698622100362102], [6.590240984177539, 24.215123998917313, -4.38000452313195, 20.166240462605437, 0.14354152861519223], [0.13883053553017893, 0.9156677709888074, -0.06698622100362102, 0.14354152861519223, 0.32536326354985506]], "e_q": 182.37991494050613, "rho": 0.95, "gamma": 0.95, "sigma": 0.0, "c": [1.0, 1.0, 1.0, 1.0, 0.8], "x_range": [10.0, 10.0, 0.1, 1.0], "state": "solved", "u_range": 1.0}