{"M": [[0.07763143935568745, 0.010973023071073245, -0.09644311595395898, 0.22001138311654914]], "obj_fun": 132.97010939615575, "time": 1.2152163982391357, "Q_q": [[5.715298130282258, 0.2584171415776906, 1.2838607348880429, -0.39392958864406136, -0.05799328550405234], [0.2584171415776906, -0.34037585615757165, 3.546409824956205, 0.3206976094256877, -0.008197215781194745], [1.2838607348880429, 3.546409824956205, 2.03750001160559, 2.1342566506297556, 0.07204623802983255], [-0.39392958864406136, 0.3206976094256877, 2.1342566506297556, 2.214528784684711, -0.16435587258353093], [-0.05799328550405234, -0.008197215781194745, 0.07204623802983255, -0.16435587258353093, 0.7470334955190243]], "e_q": 122.74553152932553, "rho": 0.95, "gamma": 0.95, "sigma": 0.0, "c": [1.0, 1.0, 1.0, 1.0, 0.8], "x_range": [10.0, 10.0, 5.0, 10.0], "state": "solved", "u_range": 10.0}