{"M": [[0.13222290370799367, 0.8253025346029927, 0.03973692957259361, -0.04545259954980588]], "obj_fun": 33.823466709290344, "time": 2.550663948059082, "Q_q": [[1.7348631491225737, 1.4962978451927431, 0.09106323495271983, 0.1347192557539834, 0.08766881503053814], [1.4962978451927431, 2.667857168520626, 0.08463754170485194, 0.058614065611204934, 0.5472069756547775], [0.09106323495271983, 0.08463754170485194, 2.1395803399346476, 0.9060543827943763, 0.026347095933354703], [0.1347192557539834, 0.058614065611204934, 0.9060543827943763, 1.2268428541598149, -0.030136802557211947], [0.08766881503053814, 0.5472069756547775, 0.026347095933354703, -0.030136802557211947, -0.6630380408537196]], "e_q": 26.584753630235657, "rho": 0.8, "gamma": 0.95, "sigma": 0.001, "c": [1.0, 1.0, 1.0, 1.0, 0.8], "x_range": 5.0, "state": "solved", "M_0": [[0.001, 0.001, 0.001, 0.001]], "eps": [0.3, 0.3]}