{"M": [[-0.04478187036148694, -0.860833364442211, -0.0006346300035963894, 0.031493535317055295]], "obj_fun": 36.09096282079837, "time": 1.1898245811462402, "Q_q": [[1.2341209346992486, 0.9993284188948901, 0.25474397574700774, 0.19804365142465788, 0.06871390425466022], [0.9993284188948901, 1.7664532421536956, 0.3178287399544095, 0.014163799994904004, 1.3208742936822493], [0.25474397574700774, 0.3178287399544095, 2.2728969995732715, 1.3168747703438213, 0.0009737848140831655], [0.19804365142465788, 0.014163799994904004, 1.3168747703438213, 1.9516780318060565, -0.04832410421780879], [0.06871390425466022, 1.3208742936822493, 0.0009737848140831655, -0.04832410421780879, 1.5344134512468952]], "e_q": 27.638282851568576, "rho": 0.8, "gamma": 0.95, "sigma": 0.001, "c": [1.0, 1.0, 1.0, 1.0, 0.8], "x_range": 5.0, "state": "solved", "M_0": [[0.001, 0.001, 0.001, 0.001]], "eps": [0.3, 0.3]}