{"M": [[-0.03772295222339671, -0.12148437313688518, -0.15132366894060456, 0.36382204645449706]], "obj_fun": 131.07815491666514, "time": 1.2520334720611572, "Q_q": [[3.829320111835164, 5.017374144892603, 3.1229253543196984, 0.12594888292085557, 0.01785807150773592], [5.017374144892603, -3.087387670903913, 14.73641426128166, 0.8650816210338969, 0.05751078573339775], [3.1229253543196984, 14.73641426128166, 0.9339984550631396, 5.575110858219913, 0.07163672887399862], [0.12594888292085557, 0.8650816210338969, 5.575110858219913, 1.3295464576007991, -0.17223360682904157], [0.01785807150773592, 0.05751078573339775, 0.07163672887399862, -0.17223360682904157, 0.47340068725214735]], "e_q": 127.69395701326825, "rho": 0.95, "gamma": 0.95, "sigma": 0.0, "c": [1.0, 1.0, 1.0, 1.0, 0.8], "x_range": [10.0, 10.0, 4.0, 3.0], "state": "solved", "u_range": 10.0}