{"M": [[-0.0955280486801155, -0.5972958892735571, -0.3376751392019123, 1.0365558364317269]], "obj_fun": 68.6778922263379, "time": 1.0483675003051758, "Q_q": [[3.773473692714752, 6.869434189619986, -4.883499770880078, 0.8432558500758436, 0.05374137412114638], [6.869434189619986, 28.322193503666785, 26.558155569046697, -4.389208155655151, 0.33602174743421387], [-4.883499770880078, 26.558155569046697, -6.486709687618143, 10.555460216304002, 0.18996646783844062], [0.8432558500758436, -4.389208155655151, 10.555460216304002, 49.85264890961208, -0.583136950589996], [0.05374137412114638, 0.33602174743421387, 0.18996646783844062, -0.583136950589996, 0.5625716725472363]], "e_q": -7.233771530075356, "rho": 0.95, "gamma": 0.95, "sigma": 0.0, "c": [1.0, 1.0, 1.0, 1.0, 0.8], "x_range": [5.0, 1.0, 4.0, 0.3], "state": "solved", "u_range": 10.0}