{"M": [[-0.06488757546737124, -0.26096975204705214, 0.03693628064003966, -0.05691208292589169]], "obj_fun": 309.3372135546135, "time": 1.024984359741211, "Q_q": [[16.57516391010472, 27.981784871534675, -0.41396902112793904, 7.947688675841069, 0.48107264278498524], [27.981784871534675, 126.19306602655469, -20.06613369906367, 43.84140689350063, 1.9348142907165373], [-0.41396902112793904, -20.06613369906367, -13.187051590711528, -6.192211876119269, -0.2738433978179218], [7.947688675841069, 43.84140689350063, -6.192211876119269, 20.481704027335205, 0.42194281327901395], [0.48107264278498524, 1.9348142907165373, -0.2738433978179218, 0.42194281327901395, 7.4139407940568365]], "e_q": 153.34317854608494, "rho": 0.95, "gamma": 0.95, "sigma": 0.0, "c": [1.0, 1.0, 1.0, 1.0, 0.8], "x_range": [3.0, 0.9, 0.08, 1.0], "state": "solved", "u_range": 0.3}