{"M": [[-0.06533202962179845, -0.3956290731941944, 0.1478079857456444, 0.05468708855223743]], "obj_fun": 196.81036320137156, "time": 12.081878423690796, "Q_q": [[0.1942101779400067, 0.3550044579548123, -0.010231235479580686, 0.0980872219427062, 0.005830370014598902], [0.3550044579548123, 2.0866950488499816, -0.10323828956445893, 0.6397719579480816, 0.03530678441505745], [-0.010231235479580686, -0.10323828956445893, 0.014901856340257697, 0.54274230398815, -0.013190700686912842], [0.0980872219427062, 0.6397719579480816, 0.54274230398815, 0.6859091073788934, -0.004880392712830936], [0.005830370014598902, 0.03530678441505745, -0.013190700686912842, -0.004880392712830936, 0.08924213817250767]], "e_q": 193.7572533003244, "rho": 0.001, "gamma": 0.95, "sigma": 0.0, "c": [1.0, 1.0, 1.0, 1.0, 0.8], "x_range": [3.0, 0.9, 0.08, 1.0], "state": "solved", "u_range": 0.3}