{"M": [[-0.1656418695691649, -15.021909247881963, -1.7285801961478262, -1.6287706886525832]], "obj_fun": 480.6980758926313, "time": 1.0174882411956787, "Q_q": [[-76.43090973036068, -7.430108599166223, -9.363187409134698, 9.136021462845978, 0.13777174152628566], [-7.430108599166223, 1332.4979973269749, 141.83748219647885, -275.3729975586887, 12.494392894221352], [-9.363187409134698, 141.83748219647885, -355.5808771478356, 46.26734592872169, 1.4377373583778195], [9.136021462845978, -275.3729975586887, 46.26734592872169, 854.6965278083959, 1.3547213328749277], [0.13777174152628566, 12.494392894221352, 1.4377373583778195, 1.3547213328749277, 0.8317446662768927]], "e_q": -1275.1500580975646, "rho": 0.95, "gamma": 0.95, "sigma": 0.0, "c": [1.0, 1.0, 1.0, 1.0, 0.8], "x_range": [10.0, 0.4, 4.0, 0.3], "state": "solved", "u_range": 10.0}