{"M": [[-0.18604645791975055, -0.42369511752812666, -0.2809908532211146, -0.018452828552368374]], "obj_fun": 129.09298485246424, "time": 1.2062876224517822, "Q_q": [[5.42893702441115, 5.85409299801216, 4.432393691478388, 0.06988898313969061, 0.08760984105271137], [5.85409299801216, 1.2234038747041598, 17.1039318356634, 1.3128415206599193, 0.19951931531779205], [4.432393691478388, 17.1039318356634, -0.6338977837833422, 6.1696093624909345, 0.13231944463348055], [0.06988898313969061, 1.3128415206599193, 6.1696093624909345, 1.7805382409012116, 0.008689492906891323], [0.08760984105271137, 0.19951931531779205, 0.13231944463348055, 0.008689492906891323, 0.47090303159924213]], "e_q": 120.91728107095167, "rho": 0.95, "gamma": 0.95, "sigma": 0.0, "c": [1.0, 1.0, 1.0, 1.0, 0.8], "x_range": [10.0, 10.0, 4.0, 2.0], "state": "solved", "u_range": 10.0}