{"M": [[-0.11148216926587372, -0.25002924240759067, -0.1098993188541644, -0.08126547057737032]], "obj_fun": 29.89421566477222, "time": 1.1214053630828857, "Q_q": [[10.855323864956533, 5.11145249159137, 0.9142512325844777, 0.2395716174195303, 0.09747287999551986], [5.11145249159137, 11.511559583074009, 6.5146394792906825, 0.06872393512572926, 0.21860958125458868], [0.9142512325844777, 6.5146394792906825, 5.207441110564801, 3.200417523283803, 0.09608893681207277], [0.2395716174195303, 0.06872393512572926, 3.200417523283803, 0.35269832501035947, 0.07105333089165367], [0.09747287999551986, 0.21860958125458868, 0.09608893681207277, 0.07105333089165367, 0.8743360542532761]], "e_q": 1.2677239377638954, "rho": 0.95, "gamma": 0.95, "sigma": 0.0, "c": [1.0, 1.0, 1.0, 1.0, 0.8], "x_range": [2.0, 1.0, 4.0, 3.0], "state": "solved", "u_range": 1.0}