{"M": [[-0.2050544001293028, -0.9506735832237566, 0.07779255191831101, -0.17400080818840233]], "obj_fun": 285.8100360818535, "time": 1.0470008850097656, "Q_q": [[15.988787465570468, 21.894124435328045, -1.2866352903552776, 7.006186819736515, 0.22732126806958874], [21.894124435328045, 80.37833994837872, -9.901582979036487, 27.37777969117913, 1.0539072769099853], [-1.2866352903552776, -9.901582979036487, -8.096720684277345, -2.9752498418436537, -0.0862400491639716], [7.006186819736515, 27.37777969117913, -2.9752498418436537, 12.785317789879889, 0.19289556496997362], [0.22732126806958874, 1.0539072769099853, -0.0862400491639716, 0.19289556496997362, 1.1085900518410965]], "e_q": 183.86743952082892, "rho": 0.95, "gamma": 0.95, "sigma": 0.0, "c": [1.0, 1.0, 1.0, 1.0, 0.8], "x_range": [10.0, 1.0, 0.1, 1.0], "state": "solved", "u_range": 1.0}