{"M": [[-0.09637936523412913, -0.3139764739392934, 0.040678653369950295, -0.0663704219621274]], "obj_fun": 204.11577308870628, "time": 32.61261343955994, "Q_q": [[1.7238593992464712, 2.6540925464725555, -0.05753119964553493, 0.8019875672301715, 0.04085815860109246], [2.6540925464725555, 8.790749227524715, -0.2178493375983116, 2.877197849733049, 0.1331042234824835], [-0.05753119964553493, -0.2178493375983116, 0.14602437576366972, 0.5895763282518126, -0.017244924440317222], [0.8019875672301715, 2.877197849733049, 0.5895763282518126, 1.41252809184599, 0.028136450373609217], [0.04085815860109246, 0.1331042234824835, -0.017244924440317222, 0.028136450373609217, 0.4239305633715056]], "e_q": 191.70346754362822, "rho": 0.001, "gamma": 0.95, "sigma": 0.0, "c": [1.0, 1.0, 1.0, 1.0, 0.8], "x_range": [3.0, 2.0, 0.1, 1.0], "state": "solved", "u_range": 0.3}