{"M": [[0.7265199223479064, 1.7272747139055324, -140.68293133999305, -44.728427540119846]], "obj_fun": 42055.05410924583, "time": 1.1975669860839844, "Q_q": [[44.10143149231859, 62.562764236411645, -404.17419364276196, -122.42419727471979, -0.5466463558791551], [62.562764236411645, 145.45885587647388, -1084.8241647874584, -298.9743034243277, -1.2996318461677632], [-404.17419364276196, -1084.8241647874584, 47910.95839804529, 13157.808701740745, 105.85230960064146], [-122.42419727471979, -298.9743034243277, 13157.808701740745, 2942.049850899847, 33.65445484274381], [-0.5466463558791551, -1.2996318461677632, 105.85230960064146, 33.65445484274381, 0.7524175718575604]], "e_q": -8988.11636112558, "rho": 0.95, "gamma": 0.95, "sigma": 0.0, "c": [1.0, 1.0, 1.0, 1.0, 0.8], "x_range": [10.0, 10.0, 1.0, 3.0], "state": "solved", "u_range": 100.0}