{"M": [[-1.1345006130428559, -3.7463406832274604, 4.915756114669166, 2.0242397080611685]], "obj_fun": 32.487666260324986, "time": 2.3437774181365967, "Q_q": [[2.8151197410895086, 3.3884471735677377, -2.122215586456146, -0.9116508283095197, 0.3508294750629611], [3.3884471735677377, 8.39217032390398, -9.289425300762073, -4.288897676885105, 1.158506853318074], [-2.122215586456146, -9.289425300762073, 11.157844482357891, 5.918483814150403, -1.520133279277283], [-0.9116508283095197, -4.288897676885105, 5.918483814150403, 4.027857970682151, -0.6259696522119683], [0.3508294750629611, 1.158506853318074, -1.520133279277283, -0.6259696522119683, 0.3092369197774144]], "e_q": 5.847284206469523, "rho": 0.8, "gamma": 0.95, "sigma": 0.001, "c": [1.0, 1.0, 1.0, 1.0, 0.8], "x_range": 3.0, "state": "solved", "M_0": [[0.001, 0.001, 0.001, 0.001]], "eps": [0.3, 0.3]}