{"M": [[-0.37881568768890417, 0.1910847995306813, -0.5381921829686194, -1.1857616570512968]], "obj_fun": 120.68472740603883, "time": 1.2021727561950684, "Q_q": [[1.0045812086815813, 6.809530604590071, 6.201394979060922, -0.6382332241267338, 0.11161589313685656], [6.809530604590071, 4.249679132040431, 14.646794762595688, 2.5212516439889274, -0.05630205204703538], [6.201394979060922, 14.646794762595688, -0.4059770247249372, 5.7285602153053246, 0.15857527323590961], [-0.6382332241267338, 2.5212516439889274, 5.7285602153053246, 13.020520684107812, 0.3493779447378893], [0.11161589313685656, -0.05630205204703538, 0.15857527323590961, 0.3493779447378893, 0.2946443264211359]], "e_q": 102.58020794479704, "rho": 0.95, "gamma": 0.95, "sigma": 0.0, "c": [1.0, 1.0, 1.0, 1.0, 0.8], "x_range": [10.0, 10.0, 4.0, 0.5], "state": "solved", "u_range": 10.0}