{"M": [[-0.14545799236013038, -0.3149737005418891, -0.0013268124299134613, 0.2764504104707886]], "obj_fun": 296.19728998938405, "time": 1.2903416156768799, "Q_q": [[5.079118787232175, 3.744033658162721, -0.48964075585584116, 1.3113230040525634, 0.09281233014427917], [3.744033658162721, 2.30493040121013, -3.6329115010756414, -0.3396251649110281, 0.2009751585810553], [-0.48964075585584116, -3.6329115010756414, -3.2878035454489285, -0.766864900379107, 0.0008465987415787749], [1.3113230040525634, -0.3396251649110281, -0.766864900379107, -0.6708178510162801, -0.17639461640314175], [0.09281233014427917, 0.2009751585810553, 0.0008465987415787749, -0.17639461640314175, 0.6380696491017895]], "e_q": 292.26140647812554, "rho": 0.95, "gamma": 0.95, "sigma": 0.0, "c": [1.0, 1.0, 1.0, 1.0, 0.8], "x_range": [10.0, 10.0, 0.5, 10.0], "state": "solved", "u_range": 10.0}