{"M": [[0.04334200300723941, -0.11131754448461809, 0.01897616968658639, 0.09274296432127789]], "obj_fun": 132.0697936432453, "time": 1.2697336673736572, "Q_q": [[5.106245480216959, 0.43197606336211714, 1.393587316548519, -0.7698687971120037, -0.03295342432535896], [0.43197606336211714, -0.07285459477579571, 6.80263310827073, 0.17787301942476208, 0.08463601180697457], [1.393587316548519, 6.80263310827073, 4.778934153128207, 3.6118145108011177, -0.01442780047907907], [-0.7698687971120037, 0.17787301942476208, 3.6118145108011177, 1.8834829066221246, -0.07051354447001955], [-0.03295342432535896, 0.08463601180697457, -0.01442780047907907, -0.07051354447001955, 0.7603115232089009]], "e_q": 119.7657364794867, "rho": 0.95, "gamma": 0.95, "sigma": 0.0, "c": [1.0, 1.0, 1.0, 1.0, 0.8], "x_range": [10.0, 10.0, 4.0, 10.0], "state": "solved", "u_range": 10.0}