{"M": [[0.060200046736624116, -0.2420042725194125, 0.11925464996326904, 0.11608303753884543]], "obj_fun": 27.026191572455755, "time": 7.265484571456909, "Q_q": [[1.1315093993661927, 1.1236191405416567, -0.09985570154431328, 0.07266198264798751, -0.0456922341613587], [1.1236191405416567, 2.2200471553244356, -0.5028174000665171, -0.21521278411592346, 0.18368284556960385], [-0.09985570154431328, -0.5028174000665171, 1.9762438076675497, 0.6767408244358906, -0.09051506911268761], [0.07266198264798751, -0.21521278411592346, 0.6767408244358906, 1.143459315682022, -0.08810779427783812], [-0.0456922341613587, 0.18368284556960385, -0.09051506911268761, -0.08810779427783812, 0.7590066227234464]], "e_q": 19.947726596236798, "rho": 0.8, "gamma": 0.95, "sigma": 0.001, "c": [1.0, 1.0, 1.0, 1.0, 0.8], "x_range": 5.0, "state": "solved", "M_0": [[0.001, 0.001, 0.001, 0.001]], "eps": [0.3, 0.3]}