{"M": [[0.07519684490103923, -0.367179372433281, -0.19734424097283762, -2.1906624958159706]], "obj_fun": 135.60995452083463, "time": 1.119222640991211, "Q_q": [[6.523371871261814, 8.934402811779645, 2.5369063010586195, 0.6763341467967661, -0.017749346782502406], [8.934402811779645, 8.430638637468826, 11.953224683597817, 0.4369170939714243, 0.08666845026911282], [2.5369063010586195, 11.953224683597817, 12.226840141121183, 5.544446452077049, 0.04658082893193577], [0.6763341467967661, 0.4369170939714243, 5.544446452077049, 49.35787515001824, 0.517080581942375], [-0.017749346782502406, 0.08666845026911282, 0.04658082893193577, 0.517080581942375, 0.2360384508932649]], "e_q": 58.88239796024997, "rho": 0.95, "gamma": 0.95, "sigma": 0.0, "c": [1.0, 1.0, 1.0, 1.0, 0.8], "x_range": [10.0, 5.0, 4.0, 0.3], "state": "solved", "u_range": 10.0}