{"M": [[2.70607230165195, 8.654890271964565, -188.59706033455313, -61.57690208484192]], "obj_fun": 52065.46814403462, "time": 1.2417988777160645, "Q_q": [[449.33962594132237, 474.69501866039974, -2278.8526943244606, -752.1073200084647, -1.5501291603498102], [474.69501866039974, 785.6349875485613, -5402.378623888554, -1409.1000513852478, -4.957812022247194], [-2278.8526943244606, -5402.378623888554, 75895.574230931, 21340.800063830273, 108.03473454954451], [-752.1073200084647, -1409.1000513852478, 21340.800063830273, 5031.132508369178, 35.27331899722292], [-1.5501291603498102, -4.957812022247194, 108.03473454954451, 35.27331899722292, 0.5728336081055624]], "e_q": -30096.671475641935, "rho": 0.95, "gamma": 0.95, "sigma": 0.0, "c": [1.0, 1.0, 1.0, 1.0, 0.8], "x_range": [5.0, 5.0, 1.0, 2.0], "state": "solved", "u_range": 100.0}