{"M": [[-0.5523180436943759, 0.4182325827945119, -0.5057621742214137, -0.2430895328565693]], "obj_fun": 113.85912118379889, "time": 1.1690709590911865, "Q_q": [[0.9857543646220991, 6.322458065848694, 5.279295451856765, -0.5268365952649481, 0.14190345127176826], [6.322458065848694, 3.3489028286790883, 14.446470378955802, 2.9008388394938294, -0.10745375352192416], [5.279295451856765, 14.446470378955802, -0.48067434424243566, 5.427516345401723, 0.1299421571757402], [-0.5268365952649481, 2.9008388394938294, 5.427516345401723, 6.867681316602644, 0.06245539879460641], [0.14190345127176826, -0.10745375352192416, 0.1299421571757402, 0.06245539879460641, 0.25692343911597837]], "e_q": 102.93191826684472, "rho": 0.95, "gamma": 0.95, "sigma": 0.0, "c": [1.0, 1.0, 1.0, 1.0, 0.8], "x_range": [10.0, 10.0, 4.0, 0.7], "state": "solved", "u_range": 10.0}