{"M": [[2.5710608031600404, 6.693615471741379, -188.10366792392807, -60.14925686801435]], "obj_fun": 52095.52219687188, "time": 1.227501630783081, "Q_q": [[352.9865969924233, 380.52547266297523, -1872.857880272498, -619.8523015004032, -1.6073051555836626], [380.52547266297523, 632.7816266531155, -4294.584654193839, -1139.610100805763, -4.184530620202059], [-1872.857880272498, -4294.584654193839, 70038.53686881975, 19965.93140121644, 117.5934831516729], [-619.8523015004032, -1139.610100805763, 19965.93140121644, 4393.242169890637, 37.60245986779472], [-1.6073051555836626, -4.184530620202059, 117.5934831516729, 37.60245986779472, 0.6251525259955562]], "e_q": -23322.525187504845, "rho": 0.95, "gamma": 0.95, "sigma": 0.0, "c": [1.0, 1.0, 1.0, 1.0, 0.8], "x_range": [5.0, 5.0, 1.0, 3.0], "state": "solved", "u_range": 100.0}