{"M": [[-0.27725420820675023, -0.7603419335435138, -0.47172134754770534, -0.00701381916671353]], "obj_fun": 113.74796153188589, "time": 1.2415392398834229, "Q_q": [[2.417851216586931, 6.434779634688615, 6.578595160075811, -0.36720228914588954, 0.07502637371862443], [6.434779634688615, 1.5122718037329408, 17.857598401204093, 3.460059785714993, 0.2057523253801718], [6.578595160075811, 17.857598401204093, -2.6666212354593593, 6.02338315258477, 0.12765015305295407], [-0.36720228914588954, 3.460059785714993, 6.02338315258477, 3.7977724336443344, 0.001897974502894808], [0.07502637371862443, 0.2057523253801718, 0.12765015305295407, 0.001897974502894808, 0.27060499533582116]], "e_q": 108.4702033171124, "rho": 0.95, "gamma": 0.95, "sigma": 0.0, "c": [1.0, 1.0, 1.0, 1.0, 0.8], "x_range": [10.0, 10.0, 4.0, 1.0], "state": "solved", "u_range": 10.0}