{"M": [[-0.30175732451368886, -0.4383727769874017, -0.4289601080667848, 0.7621809702748942]], "obj_fun": 52.08260029829678, "time": 1.1194794178009033, "Q_q": [[6.798251500357939, 6.121891098736625, -4.515848989252245, -0.041634912773893494, 0.20366064579181464], [6.121891098736625, 21.96954366494196, 23.31443112015897, -6.067415594959845, 0.2958645096773958], [-4.515848989252245, 23.31443112015897, -8.978579220008449, 8.540846027559096, 0.28951175507869037], [-0.041634912773893494, -6.067415594959845, 8.540846027559096, 24.115457915689813, -0.514407624956839], [0.20366064579181464, 0.2958645096773958, 0.28951175507869037, -0.514407624956839, 0.6749153350959533]], "e_q": 7.637994169238761, "rho": 0.95, "gamma": 0.95, "sigma": 0.0, "c": [1.0, 1.0, 1.0, 1.0, 0.8], "x_range": [3.0, 1.0, 4.0, 0.3], "state": "solved", "u_range": 10.0}