{"M": [[-0.06845672898379795, -1.3147421725232156, -0.3917848213555574, -1.339553427519658]], "obj_fun": 98.82893268245046, "time": 1.1133129596710205, "Q_q": [[7.998197790413194, 8.241102514737722, -1.1359657373855747, 0.659624341469401, 0.039094824988643806], [8.241102514737722, 48.73726125047934, 32.252039631180395, -5.277886877817577, 0.7508336419660001], [-1.1359657373855747, 32.252039631180395, -14.127929352958613, 14.08931856743818, 0.22374365897219106], [0.659624341469401, -5.277886877817577, 14.08931856743818, 97.98891238127744, 0.7650030550570653], [0.039094824988643806, 0.7508336419660001, 0.22374365897219106, 0.7650030550570653, 0.5710881248488604]], "e_q": -42.22437988664002, "rho": 0.95, "gamma": 0.95, "sigma": 0.0, "c": [1.0, 1.0, 1.0, 1.0, 0.8], "x_range": [10.0, 1.0, 4.0, 0.3], "state": "solved", "u_range": 10.0}