{"M": [[-0.3569363829042781, -1.4621699661773808, -0.7738735086856037, 0.9218200012076326]], "obj_fun": 75.89337541814007, "time": 1.0203700065612793, "Q_q": [[88.02618390923091, 38.34895324807734, 12.94894409868717, -7.730703680043795, 0.2222406381590971], [38.34895324807734, 67.73481725916554, 54.57693571263809, -6.455511313932687, 0.9103963673758396], [12.94894409868717, 54.57693571263809, -43.738430763907324, 19.30553285729967, 0.4818397637845474], [-7.730703680043795, -6.455511313932687, 19.30553285729967, 152.70122580460227, -0.5739562430404975], [0.2222406381590971, 0.9103963673758396, 0.4818397637845474, -0.5739562430404975, 0.6226337487672048]], "e_q": -189.32852778996505, "rho": 0.95, "gamma": 0.95, "sigma": 0.0, "c": [1.0, 1.0, 1.0, 1.0, 0.8], "x_range": [1.0, 1.0, 4.0, 0.3], "state": "solved", "u_range": 10.0}