{"M": [[-0.40645559154185823, -0.458335807283544, -0.0714750309375298, 1.372436387557004]], "obj_fun": 41.26277475048881, "time": 1.127417802810669, "Q_q": [[11.892099712202901, 6.383461695488212, 2.693478773514006, 0.4295285111425891, 0.17991071772774841], [6.383461695488212, 19.58981780187791, 16.865063883498358, -0.1983633465107417, 0.2028746209048459], [2.693478773514006, 16.865063883498358, 3.439470576991906, 5.929086239894597, 0.03163721789827987], [0.4295285111425891, -0.1983633465107417, 5.929086239894597, 9.697887119203736, -0.6074858377132957], [0.17991071772774841, 0.2028746209048459, 0.03163721789827987, -0.6074858377132957, 0.4426331473144971]], "e_q": -3.7106069776392427, "rho": 0.95, "gamma": 0.95, "sigma": 0.0, "c": [1.0, 1.0, 1.0, 1.0, 0.8], "x_range": [2.0, 1.0, 4.0, 0.3], "state": "solved", "u_range": 4.0}