{"M": [[0.29567145452739996, -0.5285675084823536, 0.1638117475530973, 0.157457596038556]], "obj_fun": 26.993290180575016, "time": 8.548698902130127, "Q_q": [[1.0484605198874883, 1.114507757812746, 0.008236333334177524, 0.10360761931722105, -0.16559052065433116], [1.114507757812746, 2.3104762147261657, -0.000767529096364927, -0.013331813746435656, 0.2960237371255753], [0.008236333334177524, -0.000767529096364927, 2.044507674074947, 0.7817953545565661, -0.09174261549858036], [0.10360761931722105, -0.013331813746435656, 0.7817953545565661, 1.1370372332154395, -0.08818397890550371], [-0.16559052065433116, 0.2960237371255753, -0.09174261549858036, -0.08818397890550371, 0.5600490616147249]], "e_q": 20.004769289379198, "rho": 0.8, "gamma": 0.95, "sigma": 0.001, "c": [1.0, 1.0, 1.0, 1.0, 0.8], "x_range": 5.0, "state": "solved", "M_0": [[0.001, 0.001, 0.001, 0.001]], "eps": [0.3, 0.3]}