{"M": [[-0.623284638425097, 0.24481977404410268, -0.1361979445631792, 0.3941684464305829]], "obj_fun": 457.51341836233564, "time": 1.2964808940887451, "Q_q": [[0.6485475101792367, 10.43521180415873, -4.404456999749817, 4.148715050125034, 0.2880436425473916], [10.43521180415873, 9.68363810368935, -5.049269865075358, 0.01868174370928445, -0.11314057035238045], [-4.404456999749817, -5.049269865075358, -46.090810468204104, -6.832733305768131, 0.06294227330642037], [4.148715050125034, 0.01868174370928445, -6.832733305768131, 31.092568602049358, -0.18216029737873263], [0.2880436425473916, -0.11314057035238045, 0.06294227330642037, -0.18216029737873263, 0.462138202660047]], "e_q": 461.8097640524938, "rho": 0.95, "gamma": 0.95, "sigma": 0.0, "c": [1.0, 1.0, 1.0, 1.0, 0.8], "x_range": [100.0, 10.0, 0.5, 1.0], "state": "solved", "u_range": 10.0}