{"M": [[2.973078520724981, 8.357669091640586, -202.3083012121874, -66.02457381751933]], "obj_fun": 52757.024044812235, "time": 1.1812858581542969, "Q_q": [[487.82575201982604, 442.9366524977678, -2417.476795903461, -704.9726602649608, -1.649927094460722], [442.9366524977678, 804.805216398509, -5291.730604913094, -1407.2058388390844, -4.638136727539968], [-2417.476795903461, -5291.730604913094, 78978.87020578807, 21681.39831576262, 112.27216007833984], [-704.9726602649608, -1407.2058388390844, 21681.39831576262, 4993.360073048971, 36.64071852874686], [-1.649927094460722, -4.638136727539968, 112.27216007833984, 36.64071852874686, 0.554955774951544]], "e_q": -32508.28116706311, "rho": 0.95, "gamma": 0.95, "sigma": 0.0001, "c": [1.0, 1.0, 1.0, 1.0, 0.8], "x_range": [5.0, 5.0, 1.0, 2.0], "state": "solved", "u_range": 100.0}