{"M": [[-0.12128933167172017, -0.1877199141190164, -0.00216450555647179, -0.015029457262373806]], "obj_fun": 231.32645845250886, "time": 1.1412549018859863, "Q_q": [[8.986112184882781, 4.132650078789329, 0.42652848634613777, 1.340454401917932, 0.0883029385102185], [4.132650078789329, 8.511487060997444, 3.1222586326760404, 2.56891128888163, 0.13666676042423867], [0.42652848634613777, 3.1222586326760404, -2.2353471722851914, 1.6006239548922616, 0.0015758368722442152], [1.340454401917932, 2.56891128888163, 1.6006239548922616, 1.7816149621176127, 0.010941978343762187], [0.0883029385102185, 0.13666676042423867, 0.0015758368722442152, 0.010941978343762187, 0.7280354940797091]], "e_q": 213.70016302153246, "rho": 0.95, "gamma": 0.95, "sigma": 0.0, "c": [1.0, 1.0, 1.0, 1.0, 0.8], "x_range": [10.0, 10.0, 0.5, 10.0], "state": "solved", "u_range": 1.0}