{"M": [[0.7453832947019614, 2.477011848998088, -154.22024378750595, -48.91794400881078]], "obj_fun": 44271.950286618696, "time": 1.2104852199554443, "Q_q": [[34.015485957209485, 70.40826332602593, -412.30714573801674, -128.79957382242839, -0.546019590055396], [70.40826332602593, 231.65621146255666, -1713.1013702907844, -433.6196236182069, -1.814498666612974], [-412.30714573801674, -1713.1013702907844, 55041.98884842502, 15085.017954615683, 112.97177558126947], [-128.79957382242839, -433.6196236182069, 15085.017954615683, 3284.3126881680914, 35.83412175171383], [-0.546019590055396, -1.814498666612974, 112.97177558126947, 35.83412175171383, 0.7325353196622414]], "e_q": -14320.608975649922, "rho": 0.95, "gamma": 0.95, "sigma": 0.0, "c": [1.0, 1.0, 1.0, 1.0, 0.8], "x_range": [10.0, 5.0, 1.0, 3.0], "state": "solved", "u_range": 100.0}