{"M": [[-0.05174589305604348, -0.10100262390384036, -0.16673773046563448, 0.16500788218799173]], "obj_fun": 132.6776606412998, "time": 1.1718668937683105, "Q_q": [[3.0736555370554504, 2.3833329961582463, 0.7978311032055003, -0.08801567806512055, 0.03429411415806162], [2.3833329961582463, -3.239792112851745, 11.076510650358626, -0.12915818840381948, 0.06693855898226735], [0.7978311032055003, 11.076510650358626, 1.3751276028917474, 4.76403305681831, 0.1105038955816562], [-0.08801567806512055, -0.12915818840381948, 4.76403305681831, 1.4221818094578744, -0.10935745456371192], [0.03429411415806162, 0.06693855898226735, 0.1105038955816562, -0.10935745456371192, 0.662740792219381]], "e_q": 129.51629517097098, "rho": 0.95, "gamma": 0.95, "sigma": 0.0, "c": [1.0, 1.0, 1.0, 1.0, 0.8], "x_range": [10.0, 10.0, 4.0, 5.0], "state": "solved", "u_range": 10.0}