{"M": [[-0.3241090936435163, -1.6535653653093305, -0.48691791052199823, -1.1066557961028554]], "obj_fun": 112.11071567948882, "time": 1.015956163406372, "Q_q": [[9.063005269798179, 7.078772051802395, -1.600349596919488, 1.1686602327350146, 0.16680926641369476], [7.078772051802395, 89.10816081599735, 39.13582223581197, -12.08561589476433, 0.8510406864971358], [-1.600349596919488, 39.13582223581197, -32.45517010449139, 16.338963818273413, 0.2506020998818353], [1.1686602327350146, -12.08561589476433, 16.338963818273413, 124.51809412898747, 0.5695626723865405], [0.16680926641369476, 0.8510406864971358, 0.2506020998818353, 0.5695626723865405, 0.5146701209104804]], "e_q": -78.53511052753119, "rho": 0.95, "gamma": 0.95, "sigma": 0.0, "c": [1.0, 1.0, 1.0, 1.0, 0.8], "x_range": [10.0, 0.8, 4.0, 0.3], "state": "solved", "u_range": 10.0}