{"M": [[0.20540698452128062, -0.7884529453140776, 0.2256421001540955, 0.4124803602620255]], "obj_fun": 20.9557349153654, "time": 8.404759407043457, "Q_q": [[1.1419193855623118, 1.3599960089401841, -0.09279183932571047, 0.03174245081962238, -0.09852092375474918], [1.3599960089401841, 2.6833709475926497, -0.30423477318220565, -0.27374277834628324, 0.3781717193820541], [-0.09279183932571047, -0.30423477318220565, 2.1446998528171686, 0.876435027824881, -0.10822644710428526], [0.03174245081962238, -0.27374277834628324, 0.876435027824881, 1.283176311529493, -0.19784111148127148], [-0.09852092375474918, 0.3781717193820541, -0.10822644710428526, -0.19784111148127148, 0.4796376519735247]], "e_q": 13.31885829628496, "rho": 0.8, "gamma": 0.95, "sigma": 0.001, "c": [1.0, 1.0, 1.0, 1.0, 0.8], "x_range": 4.0, "state": "solved", "M_0": [[0.001, 0.001, 0.001, 0.001]], "eps": [0.3, 0.3]}