{"M": [[-0.3757234888074916, -0.6122171265259805, -0.029181512901290254, 0.136823932259063]], "obj_fun": 255.34704898696793, "time": 1.1806089878082275, "Q_q": [[11.232660745362836, 10.567811670391155, 0.5377971661285309, 2.913080891247494, 0.23930534166495138], [10.567811670391155, 30.58854645840006, 1.9053519201340687, 7.784989565015178, 0.38993257808137677], [0.5377971661285309, 1.9053519201340687, -1.1440266866909223, 0.8955794477928042, 0.018586253250515994], [2.913080891247494, 7.784989565015178, 0.8955794477928042, 5.978705527748109, -0.08714573039103636], [0.23930534166495138, 0.38993257808137677, 0.018586253250515994, -0.08714573039103636, 0.6369187681730581]], "e_q": 208.1816279276094, "rho": 0.95, "gamma": 0.95, "sigma": 0.0, "c": [1.0, 1.0, 1.0, 1.0, 0.8], "x_range": [10.0, 10.0, 0.1, 10.0], "state": "solved", "u_range": 1.0}