{"M": [[-0.25853468231950916, -0.8561540223660419, -0.26577730251979065, 0.9483110487467337]], "obj_fun": 48.156243345173394, "time": 1.1322636604309082, "Q_q": [[13.478681803789708, 7.850605484023887, 0.09905014546337071, -0.0349977175590628, 0.16018093002139272], [7.850605484023887, 33.89935369623569, 24.487750260747188, -4.1174596633885345, 0.5304493242986464], [0.09905014546337071, 24.487750260747188, -9.992569143844147, 8.790990103014607, 0.16466825694041345], [-0.0349977175590628, -4.1174596633885345, 8.790990103014607, 23.458162585103555, -0.5875472659025582], [0.16018093002139272, 0.5304493242986464, 0.16466825694041345, -0.5875472659025582, 0.6195723087683597]], "e_q": -13.1830434431261, "rho": 0.95, "gamma": 0.95, "sigma": 0.0, "c": [1.0, 1.0, 1.0, 1.0, 0.8], "x_range": [2.0, 1.0, 4.0, 0.3], "state": "solved", "u_range": 10.0}