{"M": [[-0.05051743469919262, -0.37142019358998407, -0.3487504628641062, -0.2863321947959463]], "obj_fun": 39.18549693476637, "time": 1.028136968612671, "Q_q": [[11.956061001109104, 7.435222192078409, 4.42552849919677, 0.2912055976651349, 0.03301851262305797], [7.435222192078409, 18.22440810539522, 17.697255658090334, 0.7600655344305336, 0.24276257144754673], [4.42552849919677, 17.697255658090334, 2.9226625764294054, 6.249703509005836, 0.2279454930548926], [0.2912055976651349, 0.7600655344305336, 6.249703509005836, 8.901527866100706, 0.18714852099188137], [0.03301851262305797, 0.24276257144754673, 0.2279454930548926, 0.18714852099188137, 0.6536062810724171]], "e_q": -3.342047639126001, "rho": 0.95, "gamma": 0.95, "sigma": 0.0, "c": [1.0, 1.0, 1.0, 1.0, 0.8], "x_range": [2.0, 1.0, 4.0, 0.3], "state": "solved", "u_range": 0.8}