{"M": [[-1.9590228529254656, -14.643162563867374, 61.28490258663835, 21.795439453343896]], "obj_fun": 305841.37285318365, "time": 6.179829359054565, "Q_q": [[25645.324298483178, 33152.35017806933, -22165.35123899198, -10046.565348512428, 443.7774994398695], [33152.35017806933, 80515.9533151882, -86057.6257183859, -40763.86188295353, 3317.116008514379], [-22165.35123899198, -86057.6257183859, 105637.61048371423, 56601.59188269376, -13882.870627415345], [-10046.565348512428, -40763.86188295353, 56601.59188269376, 41565.080483860125, -4937.321484205284], [443.7774994398695, 3317.116008514379, -13882.870627415345, -4937.321484205284, 226.53002683310388]], "e_q": 52296.18025047144, "rho": 0.8, "gamma": 0.95, "sigma": 0.0, "c": [1.0, 1.0, 1.0, 1.0, 0.8], "x_range": 3.0, "state": "solved", "M_0": [[0.001, 0.001, 0.001, 0.001]], "eps": [0.3, 0.3]}