{"M": [[0.19429070084420733, -0.2301117438119061, 0.07296514631448488, -0.04728942276332411]], "obj_fun": 27.288036958700545, "time": 6.925946474075317, "Q_q": [[1.0500620881832754, 1.1170642816380145, 0.0647388523910126, 0.10304591406608295, -0.17196500313593896], [1.1170642816380145, 2.1875034825058592, 0.1324035395877585, 0.02577734697528247, 0.2036698955446205], [0.0647388523910126, 0.1324035395877585, 2.017434504257226, 0.7842328537407932, -0.06458081400841646], [0.10304591406608295, 0.02577734697528247, 0.7842328537407932, 1.115098200598442, 0.04185545524544969], [-0.17196500313593896, 0.2036698955446205, -0.06458081400841646, 0.04185545524544969, 0.8850912698793016]], "e_q": 20.209865667252302, "rho": 0.8, "gamma": 0.95, "sigma": 0.0, "c": [1.0, 1.0, 1.0, 1.0, 0.8], "x_range": 5.0, "state": "solved", "M_0": [[0.001, 0.001, 0.001, 0.001]], "eps": [0.3, 0.3]}