{"M": [[-0.2551603498326585, -0.3751114882969852, -0.4645156355774506, 0.6706632742059937]], "obj_fun": 59.373560848822514, "time": 1.1307570934295654, "Q_q": [[4.245797266611337, 6.507933182460761, -4.960586460427766, 0.24617435733144413, 0.17970563265850711], [6.507933182460761, 23.531052919506333, 22.153307613730476, -4.8547646177299075, 0.2641854322824573], [-4.960586460427766, 22.153307613730476, -7.284058474595946, 8.26826952278962, 0.32715144114655864], [0.24617435733144413, -4.8547646177299075, 8.26826952278962, 25.959485627365574, -0.47233815156255937], [0.17970563265850711, 0.2641854322824573, 0.32715144114655864, -0.47233815156255937, 0.7042851006293228]], "e_q": 12.357855429431757, "rho": 0.95, "gamma": 0.95, "sigma": 0.0, "c": [1.0, 1.0, 1.0, 1.0, 0.8], "x_range": [4.0, 1.0, 4.0, 0.3], "state": "solved", "u_range": 10.0}