{"M": [[-0.07709441701686537, -0.010246096764932839, -0.05396704169034334, 0.32925367889504653]], "obj_fun": 204.7811809042204, "time": 1.1913704872131348, "Q_q": [[5.5339390206152235, 1.0742061259503042, 0.25686678173409455, -0.5624481805118223, 0.036564566947313776], [1.0742061259503042, 1.3008074733169612, 1.9403124099981546, 0.2767894691765453, 0.004859548922045598], [0.25686678173409455, 1.9403124099981546, 0.7459836420104453, 2.0378145223424835, 0.0255956473268791], [-0.5624481805118223, 0.2767894691765453, 2.0378145223424835, 2.142528686843889, -0.15615940363066233], [0.036564566947313776, 0.004859548922045598, 0.0255956473268791, -0.15615940363066233, 0.47428294242519303]], "e_q": 194.67849572749373, "rho": 0.95, "gamma": 0.95, "sigma": 0.0, "c": [1.0, 1.0, 1.0, 1.0, 0.8], "x_range": [10.0, 10.0, 10.0, 10.0], "state": "solved", "u_range": 10.0}