{"M": [[0.07035444161583324, -1.3876358653949992, 0.0200659951430394, -1.4399174990749355]], "obj_fun": 127.44058752318486, "time": 1.1052415370941162, "Q_q": [[4.9703393995849945, 7.128085593539774, 2.102400822053351, 0.45243747062563155, -0.01446496303559229], [7.128085593539774, 6.198481850223877, 12.896002124801491, 0.4391209042240799, 0.2852997058722098], [2.102400822053351, 12.896002124801491, 9.94336726642087, 5.618251405117567, -0.004125594224759192], [0.45243747062563155, 0.4391209042240799, 5.618251405117567, 42.51045264181837, 0.29604887651803957], [-0.01446496303559229, 0.2852997058722098, -0.004125594224759192, 0.29604887651803957, 0.20560127695387687]], "e_q": 63.65346534357365, "rho": 0.95, "gamma": 0.95, "sigma": 0.0, "c": [1.0, 1.0, 1.0, 1.0, 0.8], "x_range": [10.0, 4.0, 4.0, 0.3], "state": "solved", "u_range": 10.0}