{"M": [[-0.05949747634212368, 0.01510463573828551, -0.21954806159940926, 0.25925241574021185]], "obj_fun": 134.74889492696778, "time": 1.1584603786468506, "Q_q": [[3.713108489881721, 2.79770701607283, 2.236799639911951, -0.009102199955225767, 0.03559588509033653], [2.79770701607283, -4.243414149645412, 12.665012529672909, 0.5538072257945854, -0.009036734179777992], [2.236799639911951, 12.665012529672909, 0.8474657783719282, 5.05062178143534, 0.13135023622784725], [-0.009102199955225767, 0.5538072257945854, 5.05062178143534, 1.7852117390793478, -0.15510438034406457], [0.03559588509033653, -0.009036734179777992, 0.13135023622784725, -0.15510438034406457, 0.5982755450945902]], "e_q": 132.16790263320453, "rho": 0.95, "gamma": 0.95, "sigma": 0.0, "c": [1.0, 1.0, 1.0, 1.0, 0.8], "x_range": [10.0, 10.0, 4.0, 4.0], "state": "solved", "u_range": 10.0}