{"M": [[-0.055914191546114454, -0.930332075239171, -0.4408094041043515, -0.7709510772157178]], "obj_fun": 104.70697231368283, "time": 1.1264100074768066, "Q_q": [[-0.25542947452824416, 7.158037417865239, 2.9416992320536313, 1.1493323272004976, 0.009924170242576679], [7.158037417865239, 4.557300695739253, 21.017644911858348, -1.3028099006132807, 0.1651239808982767], [2.9416992320536313, 21.017644911858348, 1.2500345418515595, 9.265871748345704, 0.07823894882308038], [1.1493323272004976, -1.3028099006132807, 9.265871748345704, 68.14909355586042, 0.1368355604797856], [0.009924170242576679, 0.1651239808982767, 0.07823894882308038, 0.1368355604797856, 0.17748929150467743]], "e_q": 30.863981561556102, "rho": 0.95, "gamma": 0.95, "sigma": 0.0, "c": [1.0, 1.0, 1.0, 1.0, 0.8], "x_range": [10.0, 2.0, 4.0, 0.3], "state": "solved", "u_range": 10.0}