{"M": [[-0.06244816626018205, -0.8396430070550022, 1.0022152632204697, 0.6940224166484518]], "obj_fun": 33.500992270544515, "time": 1.00691556930542, "Q_q": [[2.60643582473998, 3.340463523722223, -2.067641961932719, -0.8646373905349376, 0.11876917746229035], [3.340463523722223, 8.901043578981483, -8.886838749922676, -4.071811350037927, 1.5969037248331837], [-2.067641961932719, -8.886838749922676, 11.525451340849816, 6.067854589985864, -1.9060973216878092], [-0.8646373905349376, -4.071811350037927, 6.067854589985864, 4.18222117225778, -1.3199502323623118], [0.11876917746229035, 1.5969037248331837, -1.9060973216878092, -1.3199502323623118, 1.9018841476858461]], "e_q": 4.764333035566777, "rho": 0.8, "gamma": 0.95, "sigma": 0.001, "c": [1.0, 1.0, 1.0, 1.0, 0.8], "x_range": 3.0, "state": "solved", "M_0": [[0.001, 0.001, 0.001, 0.001]], "eps": [0.3, 0.3]}