{"M": [[-0.139227644388414, -0.1734288545875963, -0.21600239865393794, -0.2265882376695687]], "obj_fun": 47.284496094708985, "time": 0.12990689277648926, "Q_q": [[0.9475664388881959, 0.9172840055318902, -0.15518217622192093, -0.07055232235294694, 0.6714176242495672], [0.9172840055318902, 0.1933110193925951, -0.028234022745520154, -0.6818464912093808, 0.8363510711901229], [-0.15518217622192093, -0.028234022745520154, 2.510374613572572, 1.1614399074012414, 1.041659635724639], [-0.07055232235294694, -0.6818464912093808, 1.1614399074012414, 1.4734910158095058, 1.0927092596250103], [0.6714176242495672, 0.8363510711901229, 1.041659635724639, 1.0927092596250103, 4.8224447608727905]], "e_q": 38.301797198347884, "rho": 0.8, "gamma": 0.95, "sigma": 0.001, "c": [1.0, 1.0, 1.0, 1.0, 0.8], "x_range": 5.0, "state": "solved", "M_0": [[0.001, 0.001, 0.001, 0.001]], "eps": [0.3, 0.3]}