{"M": [[-0.2606030138062025, -0.4858846049893731, -0.12995421380053263, 0.5649010503986587]], "obj_fun": 42.391557721007956, "time": 1.085028886795044, "Q_q": [[11.861381370396499, 6.491157936972213, 2.9337183934438404, 0.5190572130988661, 0.1308197164049716], [6.491157936972213, 19.374795489261583, 18.622462876229935, -0.18829464274497895, 0.24390848479411786], [2.9337183934438404, 18.622462876229935, 2.8773321356533295, 6.477535159915334, 0.06523552105832207], [0.5190572130988661, -0.18829464274497895, 6.477535159915334, 9.75088908829676, -0.2835738318244431], [0.1308197164049716, 0.24390848479411786, 0.06523552105832207, -0.2835738318244431, 0.5019885015691173]], "e_q": -1.8744311638555073, "rho": 0.95, "gamma": 0.95, "sigma": 0.0, "c": [1.0, 1.0, 1.0, 1.0, 0.8], "x_range": [2.0, 1.0, 4.0, 0.3], "state": "solved", "u_range": 5.0}