{"M": [[-0.10191340167040683, -0.3493633273155436, -0.28257868941799114, -0.2926650034862981]], "obj_fun": 39.1982363500201, "time": 1.0627424716949463, "Q_q": [[12.36084878020905, 7.916886410584711, 4.221767712510958, 0.1364363187121893, 0.07264051562313945], [7.916886410584711, 18.375907983052645, 16.916183366148633, 0.7621426440657129, 0.24901467147657635], [4.221767712510958, 16.916183366148633, 2.636700432093283, 6.066746043851784, 0.20141278150854125], [0.1364363187121893, 0.7621426440657129, 6.066746043851784, 8.177086801776449, 0.2086019739272994], [0.07264051562313945, 0.24901467147657635, 0.20141278150854125, 0.2086019739272994, 0.7127670594105239]], "e_q": -2.9225212946397434, "rho": 0.95, "gamma": 0.95, "sigma": 0.0, "c": [1.0, 1.0, 1.0, 1.0, 0.8], "x_range": [2.0, 1.0, 4.0, 0.3], "state": "solved", "u_range": 1.0}