{"M": [[-0.008059825378505343, -0.0005448679247215178, -0.004547134078059569, 0.002832151968356098]], "obj_fun": 80.70484862806754, "time": 0.9317851066589355, "Q_q": [[19.952046424779173, 0.07673295558920677, -0.04995960374636627, 0.032570118834398074, 0.007156219683550187], [0.07673295558920677, 20.004452034937174, 0.0013915517323862302, -0.04978606319357797, 0.000483781519414302], [-0.04995960374636627, 0.0013915517323862302, 19.981587302490635, 0.32624657710659677, 0.00403734434246343], [0.032570118834398074, -0.04978606319357797, 0.32624657710659677, 19.94921398978284, -0.0025146328500871107], [0.007156219683550187, 0.000483781519414302, 0.00403734434246343, -0.0025146328500871107, 0.8878876833529208]], "e_q": 0.10723872939539393, "rho": 0.95, "gamma": 0.95, "sigma": 0.0, "c": [1.0, 1.0, 1.0, 1.0, 0.8], "x_range": 2.0, "state": "solved", "u_range": 10.0}