{"M": [[-0.1115087231793916, -0.3784717840940845, 0.05039435769884363, -0.08202922483086197]], "obj_fun": 204.27354203581012, "time": 30.232131719589233, "Q_q": [[1.715900719412821, 2.6329212620311857, -0.04708570622155142, 0.7628982637426907, 0.040676534822729954], [2.6329212620311857, 8.70405310936695, -0.18621876572552648, 2.7821006575283325, 0.13806023660011704], [-0.04708570622155142, -0.18621876572552648, 0.17006338696979295, 0.5951217666075068, -0.018383026792517045], [0.7628982637426907, 2.7821006575283325, 0.5951217666075068, 1.480380372584617, 0.029922902219462994], [0.040676534822729954, 0.13806023660011704, -0.018383026792517045, 0.029922902219462994, 0.3647834327480449]], "e_q": 191.9113177012775, "rho": 0.001, "gamma": 0.95, "sigma": 0.0, "c": [1.0, 1.0, 1.0, 1.0, 0.8], "x_range": [3.0, 2.0, 0.08, 1.0], "state": "solved", "u_range": 0.3}